Name, Price
XFX Radeon RX 580 DirectX 12 RX-580P8DFD6 XXX Edition 8GB 256-Bit GDDR5 PCI Express 3.0 CrossFireX Support Video Card,€192.99 (2 Offers)
XFX Radeon RX 580 GTS Black Edition 1405 MHz OC+| 8GB 256-bit GDDR5| DX12 VR Ready| Double Dissipation| Dual BIOS| PCI-E AMD Graphics Card (RX-580P828D6),€ 169.99
Sapphire Radeon NITRO+ RX 590 8GB GDDR5 PCI-E Dual HDMI / DVI-D / Dual DP OC w/ Backplate SPECIAL EDITION (UEFI)| 100415NT+8GSEL,€218.99 (2 Offers)
MSI GeForce GTX 1050 Ti DirectX 12 GTX 1050 Ti GAMING X 4G 4GB 128-Bit GDDR5 PCI Express 3.0 x16 HDCP Ready ATX Video Card,€176.42 (4 Offers)
GIGABYTE AORUS GeForce RTX 2080 TI DirectX 12 GV-N208TAORUS X-11GC Video Card,€1.280.99
GIGABYTE AORUS GeForce RTX 2080 8G Graphics Card| 3 x Stacked WINDFORCE Fans| 8GB 256-Bit GDDR6| GV-N2080AORUS-8GC Video Card,€644.99 (3 Offers)
GIGABYTE GeForce RTX 2080 WINDFORCE 8G Graphics Card| 3 x WINDFORCE Fans| 8GB 256-Bit GDDR6| GV-N2080WF3-8GC Video Card,€ 741.21
XFX Radeon RX 590 Fatboy DirectX 12 RX-590P8DFD6 8GB 256-Bit DDR5 PCI Express 3.0 CrossFireX Support Video Card,€ 238.70
Sapphire Radeon NITRO+ RX 570 4GB GDDR5 PCI-E Dual HDMI / DVI-D / Dual DP w/ Backplate (UEFI)| 100412NT+4GL,€427.73 (2 Offers)
GIGABYTE Radeon RX 570 DirectX 12 GV-RX570GAMING-4GD 4GB 256-Bit GDDR5 PCI Express 3.0 x16 CrossFireX Support ATX Video Card,€133.99 (3 Offers)
GIGABYTE Geforce RTX 2060 OC GG Graphics Card| 2 x WINDFORCE Fans| 6GB 192-Bit GDDR6| GV-N2060OC-6GD  Video Card,€ 337.99
MSI GeForce GTX 1660 Ti DirectX 12 GTX 1660 TI GAMING X 6G 6GB 192-Bit GDDR6 PCI Express 3.0 x16 HDCP Ready Video Card,€294.99 (3 Offers)
GIGABYTE GeForce GTX 1050 Ti DirectX 12 GV-N105TG1 GAMING-4GD 4GB 128-Bit GDDR5 PCI Express 3.0 x16 ATX Video Card,€ 311.93
Sapphire Radeon NITRO+ RX 580 4GB GDDR5 PCI-E Dual HDMI / DVI-D / Dual DP w/ Backplate (UEFI),€ 350.92
Sapphire Radeon NITRO+ RX 580 8GB GDDR5 PCI-E Dual HDMI / DVI-D / Dual DP w/ Backplate (UEFI)| 100411NT+8GL,€ 347.99
MSI GeForce RTX 2070 DirectX 12 RTX 2070 ARMOR 8G 8GB 256-Bit GDDR6 PCI Express 3.0 x16 HDCP Ready Video Card,€ 460.16
Sapphire NITRO+ Radeon RX 570 8GB GDDR5 PCI-E Dual HDMI / DVI-D / Dual DP w/ Backplate (UEFI)| 100412NT+8GL,€ 190.08
XFX RS XXX Edition Radeon RX 570 DirectX 12 RX-570P427D6 4GB OC+ 1284 MHz XFX Custom Backplate 256-Bit DDR5 PCI Express 3.0 CrossFireX Support Video Card,€122.99 (2 Offers)
XFX Radeon RX 570 DirectX 12 RX-570P8DFD6 8GB 256-Bit DDR5 PCI Express 3.0 CrossFireX Support Video Card,
GIGABYTE GeForce RTX 2070 GAMING 8G Graphics Card| 3 x WINDFORCE Fans| 8GB 256-Bit GDDR6| GV-N2070GAMING-8GC Video Card,€ 808.64
MSI Radeon RX Vega 56 DirectX 12 RX Vega 56 Air Boost 8G OC 8GB 2048-Bit HBM2 PCI Express x16 HDCP Ready CrossFireX Support ATX Video Card,€ 509.67
Sapphire PULSE Radeon RX 570 4GB GDDR5 PCI-E Dual HDMI / DVI-D / Dual DP OC w/ Backplate (UEFI)| 100412P4GOCL,€ 146.00
ASRock Phantom Gaming X Radeon RX 580 DirectX 12 RX580 8G OC 8GB 256-Bit GDDR5 PCI Express 3.0 x16 HDCP Ready Video Card,€ 180.99
GIGABYTE AORUS GeForce RTX 2070 Super 8G Graphics Card| WINDFORCE Stack| 8GB 256-Bit GDDR6| GV-N207SAORUS-8GC Video Card,€559.99 (2 Offers)
GIGABYTE GeForce GTX 1660 OC 6G Graphics Card| 2 x WINDFORCE Fans| 6GB 192-Bit GDDR5| GV-N1660OC-6GD Video Card,€229.99 (3 Offers)
Sapphire PULSE Radeon RX 580 8GB GDDR5 PCI-E Dual HDMI / DVI-D / Dual DP OC w/ Backplate (UEFI)| 100411P8GOCL,€174.99 (4 Offers)
GIGABYTE GeForce GTX 1660 Ti OC 6G Graphics Card| 2 x WINDFORCE Fans| 6GB 192-Bit GDDR6| GV-N166TOC-6GD Video Card,€276.99 (3 Offers)
GIGABYTE AORUS GeForce RTX 2060 Super 8G Graphics Card| WINDFORCE Stack| 8GB 256-Bit GDDR6| GV-N206SAORUS-8GC Video Card,€426.99 (2 Offers)
EVGA GeForce RTX 2070 XC GAMING| 08G-P4-2172-KR| 8GB GDDR6| Dual HDB Fans & RGB LED,
GIGABYTE GeForce GTX 1060 DirectX 12 GV-N1060IXOC-6GD 6GB 192-Bit GDDR5 PCI Express 3.0 x16 ATX Video Card,€ 315.56
MSI Radeon RX 570 DirectX 12 RX 570 ARMOR 8G OC 8GB 256-Bit GDDR5 PCI Express x16 HDCP Ready CrossFireX Support ATX Video Card,€168.99 (2 Offers)
MSI GeForce GTX 1050 Ti DirectX 12 GTX 1050 TI 4GT LP 4GB 128-Bit GDDR5 PCI Express 3.0 x16 HDCP Ready Low Profile Video Card,€156.99 (2 Offers)
GIGABYTE GeForce GTX 1060 Mini ITX OC 3GB GV-N1060IXOC-3GD Video Card,€ 266.54
GIGABYTE Radeon RX Vega 64 DirectX 12 GV-RXVEGA64GAMING OC-8GD 8GB 2048-Bit HBM2 PCI Express 3.0 x16 CrossFireX Support ATX Video Card,€476.37 (2 Offers)
GIGABYTE GeForce RTX 2060 GAMING OC PRO 6G Graphics Card| 3 x WINDFORCE Fans| 6GB 192-Bit GDDR6| GV-N2060GAMINGOC PRO-6GD Video Card,€332.99 (2 Offers)
GIGABYTE Radeon RX Vega 56 DirectX 12 GV-RXVEGA56GAMING OC-8GD 8GB 2048-Bit HBM2 PCI Express 3.0 x16 CrossFireX Support ATX Video Card,€323.93 (2 Offers)
GIGABYTE Radeon RX 5700 XT GAMING OC 8G Graphics Card| PCIe 4.0| 8GB 256-Bit GDDR6| GV-R57XTGAMING OC-8GD Video Card,€398.99 (2 Offers)
XFX Radeon RX 570 Black Edition DirectX 12 RX-570P8DBD6 8GB 256-Bit DDR5 PCI Express 3.0 CrossFireX Support Video Card,€235.99 (2 Offers)
EVGA GeForce GTX 1050 Ti SSC GAMING ACX 3.0| 04G-P4-6255-KR| 4GB GDDR5| DX12 OSD Support (PXOC),€ 223.31
ASRock Phantom Gaming D Radeon RX 570 DirectX 12 RX570 8G OC 8GB 256-Bit GDDR5 PCI Express 3.0 x16 HDCP Ready Video Card,€ 161.99
MSI GeForce RTX 2070 DirectX 12 RTX 2070 ARMOR 8G OC 8GB 256-Bit GDDR6 PCI Express 3.0 x16 HDCP Ready Video Card,€ 452.99
ZOTAC GeForce GTX 1060 DirectX 12 ZT-P10620A-10M 6GB 192-Bit GDDR5X PCI Express 3.0 HDCP Ready Video Card,€ 198.99
GIGABYTE RTX 2080 TI 11GB GDDR6 GV-N208TWF3-11GC PCI Express 3.0 x16 Video Card,€1.161.41
GIGABYTE GeForce GTX 1050 Ti DirectX 12 GV-N105TOC-4GD 4GB 128-Bit GDDR5 PCI Express 3.0 x16 ATX Video Cards,€167.47 (4 Offers)
ZOTAC GeForce GTX 980 Ti 6GB AMP! Extreme| ZT-90505-10P,€ 889.69
GIGABYTE Radeon RX 580 DirectX 12 GV-RX580GAMING-8GD 8GB 256-Bit GDDR5 PCI Express 3.0 x16 ATX Video Card,€ 327.61
GIGABYTE GeForce GTX 1050 Ti DirectX 12 GV-N105TWF2OC-4GD 4GB 128-Bit GDDR5 PCI Express 3.0 x16 ATX Video Card,€190.83 (3 Offers)
MSI GeForce GTX 1050 Ti DirectX 12 GTX 1050 Ti 4GT OC 4GB 128-Bit GDDR5 PCI Express 3.0 x16 HDCP Ready ATX Video Card,€161.99 (3 Offers)
GIGABYTE GeForce GTX 1660 Ti WINDFORCE OC 6G Graphics Card| 2 x WINDFORCE Fans| 6GB 192-Bit GDDR6| GV-N166TWF2OC-6GD Video Card,€279.99 (3 Offers)
EVGA GeForce GTX 1060 SC GAMING| ACX 2.0 (Single Fan)| 03G-P4-6162-KR| 3GB GDDR5| DX12 OSD Support (PXOC),€194.19 (4 Offers)
GIGABYTE AORUS GeForce RTX 2080 Super 8G Graphics Card| WINDFORCE Stack| 8GB 256-Bit GDDR6| GV-N208SAORUS-8GC Video Card,€1.050.88
MSI Radeon RX 580 DirectX 12 Radeon RX 580 8G V1 8GB 256-Bit GDDR5 PCI Express x16 HDCP Ready CrossFireX Support Video Card,€ 290.85
GIGABYTE Geforce RTX 2060 MINI ITX OC 6G Graphics Card| Mini ITX Form Factor| 6GB 192-Bit GDDR6| GV-N2060IXOC-6GD Video Card,€ 537.59
GIGABYTE Radeon RX 590 Gaming 8G Graphics Card| 2 x WINDFORCE Fans| 8GB 256-Bit GDDR5| GV-RX590GAMING-8GD Video Card,€ 253.99
MSI GeForce GTX 1660 Ti DirectX 12 GTX 1660 TI ARMOR 6G OC 6GB 192-Bit GDDR6 PCI Express 3.0 x16 HDCP Ready Video Card,€302.93 (2 Offers)
EVGA GeForce GTX 1060 GAMING| ACX 2.0 (Single Fan)| 06G-P4-6161-KR| 6GB GDDR5| DX12 OSD Support (PXOC)| Only 6.8 Inches,€ 499.99
GIGABYTE Radeon RX 580 DirectX 12 GV-RX580GAMING-4GD 4GB 256-Bit GDDR5 PCI Express 3.0 x16 CrossFireX Support ATX Video Card,€ 188.99
MSI Radeon RX 580 DirectX 12 RX 580 ARMOR 8G OC 8GB 256-Bit GDDR5 PCI Express x16 HDCP Ready CrossFireX Support Video Card,€194.99 (2 Offers)
EVGA GeForce RTX 2070 XC ULTRA GAMING| 08G-P4-2173-KR| 8GB GDDR6| Dual HDB Fans & RGB LED,€490.99 (3 Offers)
MSI GeForce RTX 2070 DirectX 12 RTX 2070 Ventus 8G 8GB 256-Bit GDDR6 PCI Express 3.0 x16 HDCP Ready Video Card,€ 463.99
EVGA GeForce RTX 2080 Ti XC ULTRA GAMING| 11G-P4-2383-KR| 11GB GDDR6| Dual HDB Fans & RGB LED,€1.257.50 (2 Offers)
GIGABYTE GeForce RTX 2060 Super GAMING OC 8G Graphics Card| 3 x WINDFORCE Fans| 8GB 256-Bit GDDR6| GV-N206SGAMING OC-8GC Video Card,€415.28 (2 Offers)
Sapphire Radeon PULSE RX 590 8GB GDDR5 PCI-E Dual HDMI / DVI-D / Dual DP w/ Backplate,€ 188.99
MSI GeForce GTX 1050 DirectX 12 GTX 1050 2GT OC 2GB 128-Bit GDDR5 PCI Express 3.0 x16 HDCP Ready ATX Video Card,€ 248.87
EVGA GeForce RTX 2080 FTW3 ULTRA GAMING| 08G-P4-2287-KR| 8GB GDDR6| iCX2 & RGB LED,€830.99 (3 Offers)
GIGABYTE GeForce RTX 2070 Super GAMING OC WHITE 8G Graphics Card| 3 x WINDFORCE Fans| 8GB 256-Bit GDDR6| GV-N207SGAMINGOC WHITE-8GC Video Card,€ 524.99
MSI GeForce GTX 1660 Ti DirectX 12 GTX 1660 TI VENTUS XS 6G OC 6GB 192-Bit GDDR6 PCI Express 3.0 x16 HDCP Ready Video Card,€265.99 (2 Offers)
MSI Radeon RX 5700 XT DirectX 12 RX 5700 XT EVOKE OC 8GB 256-Bit GDDR6 PCI Express 4.0 HDCP Ready CrossFireX Support Video Card,€407.99 (2 Offers)
EVGA GeForce GTX 1060 GAMING| ACX 2.0 (Single Fan)| 03G-P4-6160-KR| 3GB GDDR5| DX12 OSD Support (PXOC)| Only 6.8 Inches,€180.99 (4 Offers)
GIGABYTE GeForce RTX 2070 Super GAMING OC 3X 8G Graphics Card| 3 x WINDFORCE Fans| 8GB 256-Bit GDDR6| GV-N207SGAMING OC-8GD Video Card,€517.99 (2 Offers)
ASRock Radeon RX 5700 XT DirectX 12 RX 5700 XT CHALLENGER D 8G OC 8GB 256-Bit GDDR6 PCI Express 4.0 HDCP Ready Video Card,€ 388.99
MSI Radeon RX 570 DirectX 12 RX 570 ARMOR MK2 8G OC 8GB 256-Bit GDDR5 PCI Express x16 HDCP Ready CrossFireX Support Video Card,€ 175.99
GIGABYTE GeForce RTX 2080 TURBO OC 8G Graphics Card| Turbo Style Fan| 8GB 256-Bit GDDR6| GV-N2080TURBO OC-8GC Video Card,€ 808.64
GIGABYTE AORUS GeForce RTX 2080 SUPER DirectX 12 GV-N208SAORUS W-8GC 8GB 256-Bit GDDR6 PCI Express 3.0 x16 SLI Support ATX Video Card,€ 796.99
GIGABYTE GeForce GTX 1660 GAMING OC 6G Graphics Card| 3 x WINDFORCE Fans| 6GB 192-Bit GDDR5| GV-N1660GAMING OC-6GD Video Card,€ 227.99
GIGABYTE AORUS GeForce RTX 2080 Ti DirectX 12 GV-N208TAORUS-11GC 11GB 352-Bit GDDR6 PCI Express 3.0 x16 SLI Support ATX Video Card,€1.213.99
EVGA GeForce RTX 2060 XC ULTRA GAMING| 6GB GDDR6| Dual HDB Fans Graphics Card 06G-P4-2167-KR,€376.99 (3 Offers)
EVGA GeForce RTX 2080 FTW3 ULTRA HYBRID GAMING| 08G-P4-2284-KR| 8GB GDDR6| RGB LED & iCX2 Technology,€727.99 (2 Offers)
MSI GeForce GTX 1060 DirectX 12 GTX 1060 6GT OCV1 6GB 192-Bit GDDR5 PCI Express 3.0 x16 HDCP Ready ATX Video Card,€ 396.21
GIGABYTE GeForce RTX 2070 Super WINDFORCE OC 3X 8G Graphics Card| 3 x WINDFORCE Fans| 8GB 256-Bit GDDR6| GV-N207SWF3OC-8GD Video Card,€474.99 (3 Offers)
EVGA GeForce GTX 1060 DirectX 12 06G-P4-6262-KR 6GB 192-Bit GDDR5 PCI Express 3.0 Video Card,€ 372.80
EVGA GeForce RTX 2080 Ti FTW3 ULTRA GAMING| 11G-P4-2487-KR| 11GB GDDR6| iCX2 & RGB LED,€1.414.99 (3 Offers)
GIGABYTE GeForce GTX 1070 Ti DirectX 12 GV-N107TWF2-8GD 8GB 256-Bit GDDR5 PCI Express 3.0 x16 SLI Support ATX Video Card,€ 682.57
GIGABYTE GeForce GTX 1050 Ti DirectX 12 GV-N105TD5-4GD 4GB 128-Bit GDDR5 PCI Express 3.0 x16 ATX Video Cards,€148.57 (2 Offers)
EVGA GeForce RTX 2080 BLACK EDITION GAMING| 08G-P4-2081-KR| 8GB GDDR6| Dual HDB Fans & RGB LED,€698.39 (2 Offers)
EVGA GeForce RTX 2080 TI FTW3 ULTRA HYBRID GAMING| 11G-P4-2484-KR| 11GB GDDR6| RGB LED & iCX2 Technology - 9 Thermal Sensors,€1.422.99 (2 Offers)
GIGABYTE AORUS Radeon RX 580 DirectX 12 GV-RX580AORUS-8GD 8GB 256-Bit GDDR5 PCI Express 3.0 x16 CrossFireX Support ATX Video Card,€ 444.84
ASUS GeForce RTX 2080 SUPER Overclocked 8G GDDR6 Dual-Fan EVO Edition VR Ready HDMI DisplayPort 1.4 Graphics Card (DUAL-RTX2080S-O8G-EVO),€698.08 (2 Offers)
MSI GeForce RTX 2070 DirectX 12 RTX 2070 GAMING 8G 8GB 256-Bit GDDR6 PCI Express 3.0 x16 HDCP Ready Video Card,€475.34 (2 Offers)
ASRock Radeon RX 5700 XT DirectX 12 RX 5700 XT 8G 8GB 256-Bit GDDR6 PCI Express 4.0 x16 HDCP Ready Video Card,€ 379.99
EVGA GeForce RTX 2080 XC HYBRID GAMING Video Card| 08G-P4-2184-KR| 8GB GDDR6| HYBRID & RGB LED Logo,€655.99 (3 Offers)
MSI GeForce RTX 2070 DirectX 12 RTX 2070 DUKE 8G OC 8GB 256-Bit GDDR6 PCI Express 3.0 x16 HDCP Ready Video Card,€ 510.73
ASRock Phantom Gaming X Radeon VII DirectX 12 Radeon VII 16G 16GB 4096-Bit HBM2 PCI Express 3.0 x16 HDCP Ready Video Card,€ 663.99
ASRock Phantom Gaming X Radeon RX Vega 56 DirectX 12 RX VEGA 56 8G 8GB 2048-Bit HBM2 PCI Express 3.0 x16 HDCP Ready Video Card,€ 285.99
EVGA GeForce GTX 1660 Ti XC Black GAMING| 06G-P4-1261-KR| 6GB GDDR6| HDB Fan,€271.99 (3 Offers)
MSI GeForce RTX 2060 DirectX 12 RTX 2060 GAMING Z 6G 6GB 192-Bit GDDR6 PCI Express 3.0 x16 HDCP Ready Video Card,€367.99 (3 Offers)
EVGA GeForce GTX 1660 Ti XC Ultra GAMING| 06G-P4-1267-KR| 6GB GDDR6| HDB Fan,€310.99 (3 Offers)
XFX Radeon RX 5700 DirectX 12 RX-57XL8MFG6 8GB 256-Bit GDDR6 PCI Express 4.0 Video Card,€343.24 (2 Offers)
EVGA GeForce RTX 2060 XC BLACK GAMING| 6GB GDDR6| HDB Fan Graphics Card 06G-P4-2061-KR,€336.99 (3 Offers)
MSI GeForce RTX 2070 SUPER DirectX 12 RTX 2070 Super Armor OC 8GB 256-Bit GDDR6 PCI Express 3.0 x16 HDCP Ready SLI Support Video Card,€ 502.99
EVGA GeForce RTX 2080 XC GAMING| 08G-P4-2182-KR| 8GB GDDR6| Dual HDB Fans & RGB LED,€ 861.99
ASRock Phantom Gaming X Radeon RX 590 DirectX 12 RX590 8G OC 8GB 256-Bit GDDR5 PCI Express 3.0 x16 HDCP Ready Video Card,€ 185.99
GIGABYTE GeForce GTX 1660 Ti GAMING OC 6G Graphics Card| 3 x WINDFORCE Fans| 6GB 192-Bit GDDR6| GV-N166TGAMING OC-6GD Video Card,€285.99 (2 Offers)
GIGABYTE GeForce GTX 1660 Ti MINI ITX OC 6G Graphics Card| Mini ITX Form Factor| 6GB 192-Bit GDDR6| GV-N166TIXOC-6GD Video Card,€265.99 (3 Offers)
EVGA GeForce RTX 2080 SUPER XC HYBRID GAMING| 08G-P4-3188-KR| 8GB GDDR6| RGB LED Logo| Metal Backplate,€743.99 (3 Offers)
GIGABYTE GeForce RTX 2080 Super WINDFORCE OC 8G Graphics Card| 3 x WINDFORCE Fans| 8GB 256-Bit GDDR6| GV-N208SWF3OC-8GD Video Card,€682.99 (2 Offers)
MSI GeForce RTX 2060 DirectX 12 RTX 2060 VENTUS 6G OC 6GB 192-Bit GDDR6 PCI Express 3.0 x16 HDCP Ready Video Card,€337.99 (2 Offers)
MSI GeForce RTX 2080 DUKE 8G OC Video Card,€ 761.82
EVGA GeForce RTX 2060 XC GAMING| 6GB GDDR6| HDB Fan Graphics Card 06G-P4-2063-KR,€350.69 (2 Offers)
GIGABYTE Radeon RX 5700 XT 8G Graphics Card| PCIe 4.0| 8GB 256-Bit GDDR6| GV-R57XT-8GD-B Video Card,€ 379.99
GIGABYTE GeForce RTX 2080 Super GAMING OC 8G (Rev 2.0) Graphics Card| 3 x WINDFORCE Fans| 8GB 256-Bit GDDR6| GV-N208SGAMING OC-8GC Video Card,€ 697.99
Sapphire Video Card 11265-01-20G NITRO+ RX 580 8GB GDDR5 PCI Express HDMI/DisplayPort/DL-DVI-D with Backplate,€ 350.92
XFX Radeon RX 5700 XT THICC II ULTRA RX-57XT828D6 8GB 256-Bit GDDR6 PCI Express 4.0 Video Card,€ 406.99
EVGA GeForce 8400 GS DirectX 10 01G-P3-1302-LR 1GB 64-Bit DDR3 PCI Express 2.0 x16 HDCP Ready Video Card,€39.99 (3 Offers)
ASUS Radeon RX 560 4GB EVO OC Edition GDDR5 DP HDMI DVI AMD Graphics Card (RX560-O4G-EVO),€ 246.73
MSI GeForce RTX 2070 DirectX 12 RTX 2070 GAMING X 8G 8GB 256-Bit GDDR6 PCI Express 3.0 x16 HDCP Ready Video Card,€ 464.99
ASRock Radeon RX 5700 DirectX 12 RX 5700 8G 8GB 256-Bit GDDR6 PCI Express 4.0 x16 HDCP Ready Video Card,€ 330.99
EVGA GeForce GTX 1660 Ti XC GAMING| 06G-P4-1263-KR| 6GB GDDR6| HDB Fan,€280.99 (3 Offers)
MSI Radeon RX 560 DirectX 12 Radeon RX 560 4GT LP OC 4GB 128-Bit GDDR5 PCI Express x16 (Uses x8) HDCP Ready CrossFireX Support Low Profile Video Card,€ 242.22
XFX Radeon RX 550 DirectX 12 RX-550P2SFG5 2GB 128-Bit GDDR5 PCI-E Video Card,€ 106.99
GIGABYTE GeForce GTX 1650 OC 4G Graphics Card| 2 x WINDFORCE Fans| 4GB 128-Bit GDDR5| GV-N1650OC-4GD Video Card,€163.99 (3 Offers)
MSI GeForce RTX 2080 DirectX 12 RTX 2080 VENTUS 8G 8GB 256-Bit GDDR6 PCI Express 3.0 x16 HDCP Ready SLI Support Video Card,€ 918.51
GIGABYTE GeForce RTX 2080 SUPER DirectX 12 GV-N208STURBO-8GC 8GB 256-Bit GDDR6 PCI Express 3.0 x16 SLI Support ATX Video Card,€667.99 (2 Offers)
MSI GeForce RTX 2080 SUPER DirectX 12 RTX 2080 Super Gaming X TRIO 8GB 256-Bit GDDR6 PCI Express 3.0 x16 HDCP Ready SLI Support Video Card,€711.99 (3 Offers)
MSI Radeon RX 550 DirectX 12 RX 550 AERO ITX 4G OC 4GB 128-Bit GDDR5 PCI Express x16 (Uses x8) HDCP Ready Video Card,€ 132.99
ASUS Dual GeForce RTX 2080 DirectX 12 DUAL-RTX2080-O8G-EVO 8GB 256-Bit GDDR6 PCI Express 3.0 HDCP Ready SLI Support Video Card,€ 613.99
GIGABYTE GeForce RTX 2060 Super WINDFORCE OC 8G Graphics Card| 2 x WINDFORCE Fans| 8GB 256-Bit GDDR6| GV-N206SWF2OC-8GD Rev 2.0 Video Card,€ 379.99
GIGABYTE GeForce RTX 2060 DirectX 12 GV-N2060WF2OC-6GD R2 6GB 192-Bit GDDR6 PCI Express 3.0 x16 ATX Video Card,€324.99 (2 Offers)
Visiontek Radeon HD 7750 SFF 1GB DDR3 3M (2 x HDMI| Mini DP)| 900574,€145.97 (3 Offers)
EVGA GeForce RTX 2080 Ti DirectX 12 11G-P4-2384-KR 11GB 352-Bit GDDR6 PCI Express 3.0 HDCP Ready XC HYBRID GAMING| 11GB GDDR6| HYBRID & RGB LED,€1.327.99
EVGA GeForce RTX 2070 XC BLACK EDITION GAMING| 08G-P4-2071-KR| 8GB GDDR6| Dual HDB Fans & RGB LED,€ 546.99
EVGA GeForce GTX 1660 XC Ultra GAMING| 06G-P4-1167-KR| 6GB GDDR5| Dual HDB Fans,€ 337.68
SAPPHIRE PULSE Radeon RX 570 DirectX 12 11266-36-20G 8GB 256-Bit GDDR5 PCI Express 3.0 CrossFireX Support Video Cards,€ 359.61
MSI GeForce RTX 2080 DirectX 12 RTX 2080 VENTUS 8G OC 8GB 256-Bit GDDR6 PCI Express 3.0 x16 HDCP Ready SLI Support Video Card,€654.99 (3 Offers)
EVGA GeForce RTX 2060 GAMING| 06G-P4-2060-KR| 6GB GDDR6| HDB Fan,€311.99 (3 Offers)
EVGA GeForce 210 DirectX 10.1 01G-P3-1313-KR 1GB 64-Bit DDR3 PCI Express 2.0 HDCP Ready Low Profile Ready Video Card,€39.99 (2 Offers)
ASRock Radeon RX 5700 DirectX 12 RX 5700 CHALLENGER D 8G OC 8GB 256-Bit GDDR6 PCI Express 4.0 HDCP Ready Video Card,€ 341.99
GIGABYTE GeForce RTX 2070 DirectX 12 GV-N2070WF2-8GD 8GB 256-Bit GDDR6 PCI Express 3.0 x16 ATX Video Card,€ 485.48
EVGA GeForce RTX 2060 SC Ultra GAMING| 06G-P4-2067-KR| 6GB GDDR6| Dual HDB Fans,€330.99 (2 Offers)
EVGA GeForce GTX 1070 Ti SC GAMING 08G-P4-5671-KR 8GB GDDR5 ACX 3.0 & Black Edition,€ 678.97
EVGA GeForce RTX 2060 SC GAMING| 06G-P4-2062-KR| 6GB GDDR6| HDB Fan,€325.99 (2 Offers)
EVGA GeForce RTX 2060 SUPER SC ULTRA GAMING| 08G-P4-3067-KR| 8GB GDDR6| Dual HDB Fans| Metal Backplate,€403.34 (3 Offers)
MSI Radeon RX 5700 XT DirectX 12 RX 5700 XT GAMING X 8GB 256-Bit GDDR6 PCI Express 4.0 HDCP Ready CrossFireX Support Video Card,€426.99 (2 Offers)
EVGA GeForce RTX 2080 XC ULTRA GAMING| 08G-P4-2183-KR| 8GB GDDR6| Dual HDB Fans & RGB LED,€660.99 (4 Offers)
MSI GeForce RTX 2070 DirectX 12 RTX 2070 AERO 8G 8GB 256-Bit GDDR6 PCI Express 3.0 x16 HDCP Ready Video Card,€505.04 (2 Offers)
XFX Radeon RX 5700 XT DirectX 12 RX-57XT8MFD6 8GB 256-Bit GDDR6 PCI Express 4.0 Video Card,€374.62 (3 Offers)
EVGA GeForce RTX 2070 XC BLACK EDITION GAMING| 08G-P4-1171-KR| 8GB GDDR6| Dual HDB Fans,€477.99 (2 Offers)
EVGA GeForce RTX 2080 SUPER FTW3 HYBRID GAMING Video Card| 08G-P4-3288-KR| 8GB GDDR6| RGB LED Logo| iCX2 Technology| Metal Backplate,€775.83 (3 Offers)
GIGABYTE RTX 2080 TI TURBO GV-N208TTURBO-11GC Video Card,€1.390.37
ASRock Phantom Gaming Radeon RX 550 DirectX 12 RX550 2G 2GB 128-Bit GDDR5 PCI Express 3.0 x16 (Uses x8) HDCP Ready Video Card,€ 81.99
EVGA GeForce GTX 1660 XC Black GAMING| 06G-P4-1161-KR| 6GB GDDR5| HDB Fan,€219.99 (3 Offers)
EVGA GeForce GT 710 DirectX 12 01G-P3-2711-KR 1GB 64-Bit DDR3 PCI Express 2.0 Low Profile Video Card,€57.29 (2 Offers)
XFX Radeon RX 5700 XT THICC II RX-57XT826D6 8GB 256-Bit GDDR6 PCI Express 4.0 Video Card,€ 398.99
ASUS Dual GeForce GTX 1060 DirectX 12 DUAL-GTX1060-O3G 3GB 192-Bit GDDR5 PCI Express 3.0 HDCP Ready Video Card,€237.99 (2 Offers)
MSI Radeon RX 570 DirectX 12 RX 570 ARMOR 4G OCV1 4GB 256-Bit GDDR5 PCI Express 3.0 x16 HDCP Ready CrossFireX Support ATX Video Card,€ 161.99
EVGA GeForce RTX 2070 SUPER BLACK GAMING| 08G-P4-3071-KR| 8GB GDDR6,€492.99 (3 Offers)
EVGA GeForce RTX 2080 SUPER XC ULTRA GAMING Video Card| 08G-P4-3183-KR| 8GB GDDR6| RGB LED| Metal Backplate,€724.99 (3 Offers)
EVGA GeForce RTX 2070 SUPER XC ULTRA GAMING| 08G-P4-3173-KR| 8GB GDDR6| Dual HDB Fans| RGB LED| Metal Backplate,€518.99 (3 Offers)
ZOTAC GeForce GTX 1060 AMP!| ZT-P10600B-10M| 6GB GDDR5 Super Compact Dual-Fan IceStorm Cooling FREEZE Fan Stop,€ 269.99
EVGA 200 GeForce 210 DirectX 10.1 01G-P3-1312-LR 1GB 64-Bit DDR3 PCI Express 2.0 x16 HDCP Ready Low Profile Video Card,€39.99 (2 Offers)
GIGABYTE GeForce GTX 1660 MINI ITX OC 6G Graphics Card| Mini ITX Form Factor| 6GB 192-Bit GDDR5| GV-N1660IXOC-6GD Video Card,€ 302.03
MSI GeForce GT 730 DirectX 12 N730-2GD3V3 2GB 128-Bit DDR3 PCI Express 2.0 x16 HDCP Ready ATX Video Card,€66.99 (2 Offers)
MSI GeForce GT 710 DirectX 12 GT 710 2GD3H LP 2GB 64-Bit DDR3 PCI Express 2.0 x16 HDCP Ready Low Profile Video Card,€68.42 (2 Offers)
EVGA GeForce RTX 2080 XC2 ULTRA GAMING| 08G-P4-2187-KR| 8GB GDDR6| iCX2 & RGB LED,€715.17 (2 Offers)
MSI GeForce RTX 2080 SUPER DirectX 12 RTX 2080 Super Ventus OC 8GB 256-Bit GDDR6 PCI Express 3.0 x16 HDCP Ready SLI Support Video Card,€ 682.99
GIGABYTE AORUS GeForce GTX 1070 GV-N1070IXEB-8GD 8GB GDDR5 Gaming Box,€ 914.00
MSI GeForce GT 710 DirectX 12 GT 710 1GD3H LP 1GB 64-Bit DDR3 PCI Express 2.0 x16 HDCP Ready Low Profile Video Card,€59.72 (2 Offers)
EVGA GeForce RTX 2080 Ti K|NGP|N GAMING| 11G-P4-2589-KR| 11GB GDDR6| iCX2 Technology| OLED Display| Metal Backplate,€1.696.99 (2 Offers)
EVGA GeForce GTX 1660 Ti SC ULTRA GAMING| 06G-P4-1667-KR| 6GB GDDR6| Dual Fan| Metal Backplate,€284.99 (3 Offers)
MSI GeForce RTX 2080 DirectX 12 RTX 2080 SEA HAWK EK X 8GB 256-Bit GDDR6 PCI Express 3.0 x16 HDCP Ready SLI Support Video Card,€ 693.99
EVGA GeForce RTX 2070 SUPER FTW3 ULTRA GAMING| 08G-P4-3277-KR| 8GB GDDR6| iCX2 Technology| RGB LED| Metal Backplate,€559.99 (4 Offers)
EVGA GeForce RTX 2080 SUPER XC GAMING Video Card| 08G-P4-3182-KR| 8GB GDDR6| RGB LED| Metal Backplate,€706.99 (3 Offers)
EVGA GeForce RTX 2080 Ti XC2 ULTRA GAMING| 11G-P4-2387-KR| 11GB GDDR6| iCX2 & RGB LED,€1.226.99
XFX Radeon RX 560 2GB 128-Bit DDR5 PCI Express 3.0 Video Card| RX-560D2SFG5,€ 102.99
EVGA GeForce GTX 1660 SC ULTRA GAMING| 06G-P4-1067-KR| 6GB GDDR5| Dual Fan| Metal Backplate,€238.74 (2 Offers)
GIGABYTE Radeon RX 5700 8G Graphics Card| PCIe 4.0| 8GB 256-Bit GDDR6| GV-R57-8GD-B Video Card,€313.99 (2 Offers)
GIGABYTE GeForce GTX 1650 WINDFORCE OC 4G Graphics Card| 2 x WINDFORCE Fans| 4GB 128-Bit GDDR5| GV-N1650WF2OC-4GD Video Card,€169.43 (3 Offers)
MSI GeForce GTX 1660 DirectX 12 GTX 1660 GAMING X 6G 6GB 192-Bit GDDR5 PCI Express 3.0 x16 HDCP Ready Video Card,€237.99 (3 Offers)
MSI GeForce GTX 1660 DirectX 12 GTX 1660 ARMOR 6G OC 6GB 192-Bit GDDR5 PCI Express 3.0 x16 HDCP Ready Video Card,€227.99 (3 Offers)
EVGA GeForce RTX 2070 XC BLACK GAMING Video Card| 08G-P4-2171-KR| 8GB GDDR6| Dual HDB Fans| RGB LED| Metal Backplate,€448.99 (2 Offers)
MSI GeForce RTX 2060 DirectX 12 RTX 2060 GAMING 6G 6GB 192-Bit GDDR6 PCI Express 3.0 x16 HDCP Ready Video Card,€ 352.99
EVGA GeForce GTX 1070 Ti GAMING 08G-P4-5670-KR 8GB GDDR5,€ 702.38
MSI GeForce 210 DirectX 10.1 N210-MD1G/D3 1GB 64-Bit DDR3 PCI Express 2.0 x16 HDCP Ready Low Profile Ready Video Card,€42.99 (2 Offers)
GIGABYTE GeForce GTX 1650 GAMING OC 4G Graphics Card| 2 x WINDFORCE Fans| 4GB 128-Bit GDDR5| GV-N1650GAMING OC-4GD Video Card,€ 169.78
PNY GeForce GTX 1070 Ti DirectX 12 VCGGTX1070T8PB-BB 8GB 256-Bit GDDR5 PCI Express 3.0 x16 SLI Support Video Card,€ 711.39
EVGA GeForce RTX 2080 SUPER FTW3 ULTRA GAMING Video Card| 08G-P4-3287-KR| 8GB GDDR6| iCX2 Technology| RGB LED| Metal Backplate,€ 784.99
EVGA GeForce GTX 1660 XC GAMING| 06G-P4-1163-KR| 6GB GDDR5| HDB Fan,€225.99 (3 Offers)
EVGA GeForce RTX 2080 SUPER BLACK GAMING| 08G-P4-3081-KR| 8GB GDDR6,€678.99 (3 Offers)
MSI GeForce GTX 1660 DirectX 12 GTX 1660 VENTUS XS 6G OC 6GB 192-Bit GDDR5 PCI Express 3.0 x16 HDCP Ready Video Card,€218.99 (3 Offers)
EVGA GeForce RTX 2080 Ti XC GAMING| 11G-P4-2382-KR| 11GB GDDR6| Dual HDB Fans & RGB LED,€1.183.99 (2 Offers)
ASUS Dual GeForce RTX 2080 Ti DirectX 12 DUAL-RTX2080TI-O11G 11GB 352-Bit GDDR6 PCI Express 3.0 HDCP Ready SLI Support Video Card,€1.132.59 (2 Offers)
GIGABYTE Radeon RX 560 14CU DirectX 12 GV-RX560OC-4GD REV2.0 4GB 128-Bit GDDR5 ATX Video Card,€135.99 (2 Offers)
MSI GeForce GT 1030 DirectX 12 GT 1030 2GH LP OC 2GB 64-Bit GDDR5 PCI Express 3.0 x16 (uses x4) HDCP Ready Low Profile Video Card,€88.99 (2 Offers)
MSI GeForce GTX 1650 DirectX 12 GTX 1650 GAMING X 4G 4GB 128-Bit GDDR5 PCI Express 3.0 x16 HDCP Ready Video Card,€170.69 (3 Offers)
ASUS Radeon R7 240 DirectX 11.2 R7240-2GD3-L 2GB 128-Bit DDR3 PCI Express 3.0 HDCP Ready Low Profile Video Card,€78.99 (2 Offers)
MSI GeForce GT 710 DirectX 12 GT 710 2GD3 LP 2GB 64-Bit DDR3 PCI Express 2.0 HDCP Ready Low Profile Video Card,€68.42 (2 Offers)
MSI Radeon RX 560 DirectX 12 RX 560 AERO ITX 2G OC 2GB 128-Bit GDDR5 PCI Express x16 HDCP Ready CrossFireX Support Video Card,€ 99.99
GIGABYTE AORUS RTX 2080 TI 11GB DirectX 12 GV-N208TAORUSX W-11GC Video Card,€1.658.73
EVGA GeForce GT 1030 SC| 02G-P4-6333-KR| 2GB GDDR5| Low Profile,
EVGA GeForce RTX 2070 SUPER XC GAMING| 08G-P4-3172-KR| 8GB GDDR6| Dual HDB Fans| RGB LED| Metal Backplate,€508.99 (3 Offers)
GIGABYTE GeForce GT 1030 Low Profile 2GB| GV-N1030D5-2GL,€92.99 (3 Offers)
Sapphire Radeon RX 5700 XT 8GB GDDR6 PCI-E HDMI / TRIPLE DP (UEFI),€ 379.99
ASUS GeForce GTX 1050 Ti 4GB PHOENIX Fan Edition DVI-D HDMI DP 1.4 Gaming Graphics Card (PH-GTX1050Ti-4G),€191.64 (3 Offers)
GIGABYTE GeForce GT 1030 Slience Low Profile 2GB| GV-N1030SL-2GL,€93.38 (3 Offers)
GIGABYTE GeForce GT 1030 DirectX 12 GV-N1030OC-2GI 2GB 64-Bit GDDR5 PCI Express x16 ATX Video Card,€91.99 (3 Offers)
MSI GeForce GT 730 DirectX 12 N730-4GD3V2 4GB 128-Bit DDR3 PCI Express 2.0 x16 HDCP Ready ATX Video Card,€ 105.18
EVGA GeForce RTX 2060 SUPER XC ULTRA GAMING| 08G-P4-3163-KR| 8GB GDDR6| Dual HDB Fans| RGB LED| Metal Backplate,€442.30 (3 Offers)
GIGABYTE AORUS GeForce RTX 2080 Ti XTREME WATERFORCE WB 11G Graphics Card| Pre-Installed Waterblock| 11GB 352-Bit GDDR6| GV-N208TAORUSX WB-11GC Video Card,€1.273.99
MSI GeForce GT 710 DirectX 12 GT 710 1GD3H LPV1 1GB 64-Bit DDR3 PCI Express 2.0 x8 HDCP Ready Low Profile Video Card,€ 59.72
EVGA GeForce GT 710 DirectX 12 02G-P3-2713-KR 2GB 64-Bit DDR3 PCI Express 2.0 Video Card,€64.99 (2 Offers)
Visiontek Radeon HD 5570 SFF 1GB DDR3 4M VHDCI DVI (4 x DVI-D)| 900345,€177.99 (2 Offers)
ASUS ROG STRIX GeForce RTX 2060 DirectX 12 ROG-STRIX-RTX2060-O6G-GAMING 6GB 192-Bit GDDR6 PCI Express 3.0 HDCP Ready Video Card,€ 393.99
MSI GeForce RTX 2080 GAMING X TRIO Video Card,€ 727.60
ASUS GeForce RTX 2080 Overclocked 8G GDDR6 Dual-Fan Edition VR Ready HDMI DP 1.4 USB Type-C Graphics Card (DUAL-RTX2080-O8G),€680.04 (5 Offers)
GIGABYTE GeForce GTX 1650 MINI ITX OC 4G Graphics Card| Mini ITX Form Factor| 4GB 128-Bit GDDR5| GV-N1650IXOC-4GD Video Card,€157.03 (2 Offers)
EVGA GeForce GTX 1650 XC Black GAMING Video Card| 04G-P4-1151-KR| 4GB GDDR5,€159.99 (3 Offers)
EVGA GeForce RTX 2070 SUPER GAMING| 08G-P4-3070-KR| 8GB GDDR6| RGB LED Logo,€501.99 (2 Offers)
PNY GeForce GTX 1060 DirectX 12 VCGGTX10606PB 6GB 192-Bit GDDR5 PCI Express 3.0 x16 Video Card,€ 456.99
MSI GeForce RTX 2060 SUPER DirectX 12 RTX 2060 SUPER GAMING X 8GB 256-Bit GDDR6 PCI Express 3.0 x16 HDCP Ready Video Card,€407.99 (2 Offers)
CORN GTX750 Graphic Card 1GB 128 Bit DDR5 DirectX 11 Video Card GPU PCI Express3.0 16X DVI/VGA/HDMI,€ 58.99
ZOTAC GeForce GTX 1060 Mini| ZT-P10610A-10L| 3GB GDDR5 Super Compact,€161.99 (2 Offers)
EVGA GeForce GT 1030 SC| 02G-P4-6332-KR| 2GB GDDR5| Passive| Low Profile,€92.99 (3 Offers)
EVGA GeForce RTX 2060 SUPER XC GAMING| 08G-P4-3162-KR| 8GB GDDR6| Dual HDB Fans| RGB LED| Metal Backplate,€436.74 (3 Offers)
ASUS Radeon RX 550 DirectX 12 AREZ-PH-RX550-2G 2GB 128-Bit GDDR5 PCI Express 3.0 HDCP Ready CrossFireX Support Video Card,€ 129.66
ZOTAC GeForce GT 730 DirectX 12 (feature level 11_0) ZT-71115-20L 4GB 64-Bit DDR3 PCI Express 2.0 Zone Edition Video Card,€ 80.99
MSI GeForce GTX 1660 Ti DirectX 12 GTX 1660 Ti GAMING 6G 6GB 192-Bit GDDR6 PCI Express 3.0 x16 HDCP Ready Video Card,€288.80 (2 Offers)
ZOTAC GeForce GTX 1070 Ti DirectX 12 ZT-P10710B-10P 8GB 256-Bit GDDR5 PCI Express 3.0 HDCP Ready SLI Support Video Card - AMP! EXTREME Edition,€ 800.54
EVGA GeForce RTX 2080 FTW3 ULTRA HYDRO COPPER GAMING| 08G-P4-2289-KR| 8GB GDDR6| RGB LED| iCX2 Technology| Metal Backplate,€943.57 (2 Offers)
PNY GeForce RTX 2080 8GB XLR8 Gaming Overclocked Edition Graphics Card,€ 913.14
MSI GeForce GTX 1650 DirectX 12 GTX 1650 VENTUS XS 4G OC 4GB 128-Bit GDDR5 PCI Express 3.0 x16 HDCP Ready Video Card,€151.99 (2 Offers)
ASUS GeForce GT 710 2GB GDDR5 HDMI VGA DVI Graphics Card (GT710-SL-2GD5-CSM),€65.99 (2 Offers)
GIGABYTE GeForce GTX 1050 DirectX 12 GV-N1050WF2OC-2GD 2GB 128-Bit GDDR5 PCI Express 3.0 x16 ATX Video Cards,€ 220.99
VisionTek Radeon 5570 SFF 1GB DDR3 4M VHDCI VGA (4 x VGA) (900366),€179.45 (2 Offers)
ASUS GeForce GTX 1060 3GB Phoenix Fan Edition VR Ready HDMI DP DVI Graphics Card (PH-GTX1060-3G),€176.99 (3 Offers)
ASUS AREZ RX 560 O4G OC Edition GDDR5 DP HDMI DVI AMD Graphics Card (AREZ-RX560-O4G-EVO),€ 214.99
ASUS Turbo GeForce GTX 1070 Ti TURBO-GTX1070TI-8G 8GB 256-Bit GDDR5 PCI Express 3.0 HDCP Ready SLI Support Video Card,€ 611.18
MSI GeForce RTX 2060 DirectX 12 RTX 2060 VENTUS XS 6G OC 6GB 192-Bit GDDR6 PCI Express 3.0 x16 HDCP Ready Video Card,€324.99 (2 Offers)
SAPPHIRE PULSE Radeon RX 5700 XT 100416P8GL 8GB 256-Bit GDDR6 PCI Express 4.0 x16 ATX Video Card,€ 390.99
PowerColor RED DRAGON Radeon RX 590 DirectX 12 AXRX 590 8GBD5-DHD 8GB 256-Bit GDDR5 PCI Express 3.0 CrossFireX Support ATX Video Card,€ 189.99
EVGA GeForce GTX 1650 XC GAMING Video Card| 04G-P4-1153-KR| 4GB GDDR5,€159.52 (2 Offers)
EVGA GeForce RTX 2080 Ti DirectX 12 11G-P4-2281-KR 11GB 352-Bit GDDR6 PCI Express 3.0 HDCP Ready SLI Support BLACK EDITION GAMING Video Card| Dual HDB Fans & RGB LED,€1.046.99 (4 Offers)
EVGA GeForce RTX 2080 SUPER FTW3 HYDRO COPPER GAMING Video Card| 08G-P4-3289-KR| 8GB GDDR6| RGB LED| iCX2 Technology| Metal Backplate,€ 824.99
ASUS Radeon RX 560 2GB OC Edition GDDR5 DP HDMI DVI AMD Graphics Card (RX560-O2G),€ 158.48
ASUS Radeon RX 580 O4G Dual-fan OC Edition GDDR5 DP HDMI DVI VR Ready AMD Graphics Card (DUAL-RX580-O4G),€169.99 (2 Offers)
ASUS TUF Gaming GeForce RTX 2060 OC Edition 6GB GDDR6 VR Ready HDMI 2.0b DP 1.4 Auto Extreme Graphics Card (TUF-RTX2060-O6G-GAMING),€358.99 (2 Offers)
ZOTAC GAMING GeForce RTX 2080 Ti AMP 11GB GDDR6 352-bit Gaming Graphics Card| Active Fan Control| Metal Backplate| Spectra Lighting (ZT-T20810D-10P),€1.362.07
EVGA GeForce GTX 1650 SC ULTRA GAMING| 04G-P4-1057-KR| 4GB GDDR5| Dual Fan| Metal Backplate,€162.99 (2 Offers)
ASUS Dual GeForce RTX 2070 DirectX 12 DUAL-RTX2070-O8G 8GB 256-Bit GDDR6 PCI Express 3.0 HDCP Ready Video Card,€ 826.65
Visiontek Radeon HD 5450 SFF 512MB DDR3 3M (3 x DVI-D)| 900344,€135.29 (2 Offers)
ZOTAC GAMING GeForce RTX 2070 AMP Extreme 8GB GDDR6 256-bit Graphics Card| IceStorm 2.0| Active Fan Control| Metal Wraparound Backplate| Spectra RGB LED Lighting (ZT-T20700B-10P),€ 557.40
ZOTAC GAMING GeForce RTX 2070 AMP Extreme Core 8GB GDDR6 256-bit Graphics Card| IceStorm 2.0| Active Fan Control| Metal Wraparound Backplate| Spectra RGB LED Lighting (ZT-T20700C-10P),€528.59 (2 Offers)
PNY GeForce GTX 1060 DirectX 12 VCGGTX10603PB 3GB 192-Bit GDDR5 PCI Express 3.0 x16 Video Card,€ 253.99
PowerColor Radeon RX 5700 XT DirectX 12 AXRX 5700 XT 8GBD6-3DH 8GB 256-Bit GDDR6 PCI Express 4.0 CrossFireX Support ATX Video Card,€ 380.99
ASUS Dual GeForce GTX 1660 Ti DUAL-GTX1660TI-O6G 6GB 192-Bit GDDR6 PCI Express 3.0 HDCP Ready Video Card,€300.99 (3 Offers)
EVGA GeForce GTX 1650 XC Ultra GAMING Video Card| 04G-P4-1157-KR| 4GB GDDR5,€174.04 (2 Offers)
PNY GeForce GTX 1060 DirectX 12 VCGGTX10606XGPB-OC 6GB 192-Bit GDDR5 PCI Express 3.0 x16 Video Card,€ 347.52
MSI GeForce RTX 2080 DirectX 12 RTX 2080 SEA HAWK X 8GB 256-Bit GDDR6 PCI Express 3.0 x16 HDCP Ready SLI Support Video Card,€ 783.43
ASUS Radeon RX 5700 XT PCIe 4.0 VR Ready Graphics Card with 8GB GDDR6 Memory and Support for up to 6 Monitors (RX5700XT-8G),€ 386.99
ASUS Dual GeForce RTX 2060 DirectX 12 DUAL-RTX2060-O6G 6GB 192-Bit GDDR6 PCI Express 3.0 HDCP Ready Video Card,€384.99 (3 Offers)
MSI GeForce GTX 1060 DirectX 12 GTX 1060 AERO ITX 6G OC 6GB 192-Bit GDDR5 PCI Express 3.0 x16 HDCP Ready Video Card,€ 288.71
ASRock Radeon RX 5700 XT DirectX 12 RX 5700 XT TAICHI X 8G OC+ 8GB 256-Bit GDDR6 PCI Express 4.0 HDCP Ready Video Card,€ 449.99
ASUS ROG Strix Radeon RX 590 ROG-STRIX-RX590-8G-GAMING 8GB 256-Bit GDDR5 HDCP Ready CrossFireX Support Video Card,€ 303.99
PNY GeForce GT 1030 2GB (VCGGT10302PB),€ 155.05
MSI GeForce RTX 2070 DirectX 12 RTX 2070 GAMING Z 8G 8GB 256-Bit GDDR6 PCI Express 3.0 x16 HDCP Ready Video Card,€ 508.75
MSI Radeon RX 5700 XT DirectX 12 RX 5700 XT 8G 8GB 256-Bit GDDR6 PCI Express 4.0 HDCP Ready Video Card,€ 419.62
Sapphire Radeon RX 5700 8GB GDDR6 PCI-E HDMI / TRIPLE DP (UEFI),
ASUS TUF Gaming X3 AMD Radeon RX 5700 XT Overclocked 8G GDDR6 HDMI DisplayPort Gaming Graphics Card (TUF 3-RX5700XT-O8G-GAMING),€ 398.99
SAPPHIRE NITRO+ Radeon RX Vega 56 DirectX 12 100420NT+LESR 8GB 2048-Bit HBM2 PCI Express 3.0 CrossFireX Support ATX Video Card,€651.99 (2 Offers)
EVGA GeForce GT 710 DirectX 12 02G-P3-2717-KR 2GB 64-Bit DDR3 PCI Express 2.0 Video Card,€53.99 (2 Offers)
MSI Radeon RX 5700 XT DirectX 12 RX 5700 XT MECH OC 8GB 256-Bit GDDR6 PCI Express 4.0 HDCP Ready CrossFireX Support Video Card,€398.99 (2 Offers)
ZOTAC GeForce GT 710 DirectX 12 ZT-71304-20L 1GB 64-Bit DDR3 PCI Express x1 HDCP Ready Video Card,€47.99 (3 Offers)
ASUS TUF Gaming GeForce GTX 1660 Ti DirectX 12 TUF-GTX1660TI-O6G-GAMING 6GB 192-Bit GDDR6 PCI Express 3.0 HDCP Ready Video Card,€292.80 (2 Offers)
VisionTek Radeon HD 5570 DirectX 11 900901 1GB 128-Bit DDR3 PCI Express 2.0 x16 Small Form Factor (SFF) Video Cards,€180.11 (2 Offers)
ZOTAC GAMING GeForce RTX 2080 AMP 8GB GDDR6 256-bit Gaming Graphics Card| Active Fan Control| Metal Backplate| Spectra Lighting (ZT-T20800D-10P),€ 860.55
CORN GTX750Ti 2GB 128Bit GDDR5 Graphic Card Video Card GPU DirectX 12 PCI Express3.0 x16 DVI-D/VGA/HDMI,€ 93.99
GIGABYTE GeForce GT 710 DirectX 12 GV-N710D5-2GL 2GB 64-Bit DDR5 PCI Express 2.0 x8 Low Profile Video Card,€63.99 (3 Offers)
PowerColor RED DEVIL Radeon RX 5700 XT DirectX 12 AXRX 5700 XT 8GBD6-3DHE/OC 8GB 256-Bit GDDR6 PCI Express 4.0 CrossFireX Support ATX Video Card,€ 419.99
EVGA GeForce GT 1030 DirectX 12 02G-P4-6232-KR 2GB 64-Bit SDDR4 PCI Express 3.0 Low Profile Ready Video Card,€80.61 (2 Offers)
EVGA GeForce RTX 2070 GAMING| 08G-P4-2070-KR| 8GB GDDR6| RGB LED,€ 736.32
ASUS GeForce RTX 2080 Ti 11G Turbo Edition GDDR6 HDMI DP 1.4 Type-C Graphics Card,€1.109.99
ASUS GeForce RTX 2080 Advanced Overclocked 8G GDDR6 Dual-Fan Edition VR Ready HDMI DP USB Type-C Graphics Card (DUAL-RTX2080-A8G),€723.99 (3 Offers)
SAPPHIRE NITRO+ Radeon RX 5700 XT 100416NT+8GSR 8GB 256-Bit GDDR6 PCI Express 4.0 x16 ATX Video Card,€ 445.99
ASUS ROG STRIX GeForce RTX 2070 SUPER Advanced Overclocked 8G GDDR6 HDMI DisplayPort USB Type-C Gaming Graphics Card (ROG-STRIX-RTX2070S-A8G-GAMING),€ 556.99
ASUS Dual GeForce RTX 2080 Ti DirectX 12 DUAL-RTX2080TI-11G 11GB 352-Bit GDDR6 PCI Express 3.0 HDCP Ready SLI Support Video Card,€1.102.99 (2 Offers)
NVIDIA TITAN RTX DirectX 12 900-1G150-2500-000 SB 24GB 384-Bit GDDR6 HDCP Ready Video Card,€2.355.99
PowerColor RED DRAGON Radeon RX 5700 XT DirectX 12 AXRX 5700 XT 8GBD6-3DHR/OC 8GB 256-Bit GDDR6 PCI Express 4.0 CrossFireX Support ATX Video Card,€ 389.99
ZOTAC GAMING GeForce RTX 2060 AMP 6GB GDDR6 192-bit Gaming Graphics Card| Super Compact| IceStorm 2.0| ZT-T20600D-10M,€350.99 (2 Offers)
PowerColor RED DEVIL Radeon RX 5700 DirectX 12 AXRX 5700 8GBD6-3DHE/OC 8GB 256-Bit GDDR6 PCI Express 4.0 CrossFireX Support ATX Video Card,€ 369.99
ASUS ROG STRIX GeForce RTX 2080 8G GDDR6 HDMI DP 1.4 USB Type-C Gaming Graphics Card (ROG-STRIX-RTX2080-8G-GAMING),€ 773.99
ASUS Phoenix GeForce GTX 1660 Ti PH-GTX1660TI-O6G 6GB 192-Bit GDDR6 PCI Express 3.0 HDCP Ready Video Card,€279.69 (3 Offers)
ASUS Turbo GeForce RTX 2060 DirectX 12 TURBO-RTX2060-6G 6GB 192-Bit GDDR6 PCI Express 3.0 HDCP Ready Video Card,€391.99 (2 Offers)
EVGA GeForce RTX 2080 SUPER GAMING Video Card| 08G-P4-3080-KR| 8GB GDDR6| Adjustable RGB LED,€691.99 (4 Offers)
MSI GeForce GTX 1650 DirectX 12 GTX 1650 AERO ITX 4G OC 4GB 128-Bit GDDR5 PCI Express 3.0 x16 HDCP Ready Video Card,€ 176.49
ZOTAC GeForce GT 1030 2GB GDDR5 64-bit PCIe 3.0 DirectX 12 HDCP Ready Low Profile Video Card ZT-P10300A-10L,€ 142.08
ASUS TUF Gaming GeForce GTX 1660 Overclocked 6GB Dual-fan Edition HDMI DP DVI Gaming Graphics Card (TUF-GTX1660-O6G-GAMING),€ 217.99
ASUS Phoenix GeForce RTX 2060 DirectX 12 PH-RTX2060-6G 6GB 192-Bit GDDR6 PCI Express 3.0 HDCP Ready Video Card,€336.99 (2 Offers)
GIGABYTE AORUS GeForce GTX 1660 Ti 6G Graphics Card| 3 x WINDFORCE Fans| 6GB 192-Bit GDDR6| GV-N166TAORUS-6GD Video Card,€313.52 (2 Offers)
Visiontek Radeon HD 7750 2GB GDDR5 6M (6 x Mini DP)| 900614,€226.99 (3 Offers)
ASUS Radeon RX 5700 PCIe 4.0 VR Ready Graphics Card with 8GB GDDR6 Memory and Support for up to 6 Monitors (RX5700-8G),€ 337.99
ASUS GeForce GTX 1660 Overclocked 6GB Phoenix Fan Edition HDMI DP DVI Graphics Card (PH-GTX1660-O6G),€208.99 (2 Offers)
MSI GeForce RTX 2080 Ti DirectX 12 RTX 2080 TI VENTUS 11G OC 11GB 352-Bit GDDR6 PCI Express 3.0 x16 HDCP Ready SLI Support Video Card,€1.045.99 (3 Offers)
GIGABYTE GeForce RTX 2060 SUPER DirectX 12 GV-N206SGAMINGOC WHITE-8GD 8GB 256-Bit GDDR6 PCI Express 3.0 x16 ATX Video Card,€ 396.99
MSI Radeon RX 5700 DirectX 12 RX 5700 8G 8GB 256-Bit GDDR6 PCI Express 4.0 HDCP Ready Video Card,€ 370.10
EVGA 256-P1-N400-LR 6200 256MB 64-Bit GDDR2 PCI Video Card,€ 167.42
EVGA GeForce GT 1030 DirectX 12 02G-P4-6338-KR 2GB 64-Bit GDDR5 PCI Express 3.0 Video Card,€98.09 (2 Offers)
ASUS GeForce RTX 2070 Super Overclocked 8G EVO GDDR6 Dual-Fan Edition VR Ready HDMI DisplayPort Gaming Graphics Card (DUAL-RTX2070S-O8G-EVO),€ 498.99
ASUS Dual GeForce RTX 2080 Ti DirectX 12 DUAL-RTX2080TI-A11G 11GB 352-Bit GDDR6 PCI Express 3.0 HDCP Ready SLI Support Video Card,€1.146.45 (3 Offers)
ZOTAC GAMING GeForce GTX 1660 Ti AMP 6GB GDDR6 192-bit Gaming Graphics Card| Super Compact| IceStorm 2.0 Cooling - ZT-T16610D-10M,€275.99 (2 Offers)
ZOTAC GeForce GTX 1050 DirectX 12 ZT-P10500E-10L 2GB 128-Bit GDDR5 PCI Express 3.0 HDCP Ready Low Profile Video Card,€ 167.99
ZOTAC GAMING GeForce GTX 1660 Ti 6GB GDDR6 192-bit Gaming Graphics Card| Super Compact| ZT-T16610F-10L,€265.99 (2 Offers)
ZOTAC GAMING GeForce RTX 2080 Ti AMP Extreme Graphic Card| ZT-T20810B-10P| 11GB GDDR6,€1.890.99
GIGABYTE Radeon RX 5700 GAMING OC 8G Graphics Card| PCIe 4.0| 8GB 256-Bit GDDR6| GV-R57GAMING OC-8GD Video Card,€339.99 (2 Offers)
ASUS GeForce GTX 1650 Overclocked 4GB Dual-fan Edition HDMI DP 1.4 DVI Graphics Card (DUAL-GTX1650-O4G),€168.25 (3 Offers)
ASUS GeForce RTX 2080 8G GDDR6 Dual-Fan Edition VR Ready HDMI DP USB Type-C Graphics Card (DUAL-RTX2080-8G),€740.06 (2 Offers)
EVGA GeForce GTX 1660 Ti XC ULTRA BLACK GAMING Video Card| 06G-P4-1265-KR| 6GB GDDR6| Dual HDB Fans,€ 280.99
EVGA GeForce GT 730 DirectX 12 02G-P3-1733-KR 2GB 64-Bit DDR3 PCI Express 2.0 x8 Video Card,€ 71.99
ASUS ROG Strix GeForce GTX 1660 Ti ROG-STRIX-GTX1660TI-A6G-GAMING 6GB 192-Bit GDDR6 PCI Express 3.0 HDCP Ready Video Card,€ 306.99
ASUS GeForce RTX 2060 SUPER Overclocked 8G EVO GDDR6 Dual-Fan Edition VR Ready HDMI DisplayPort DVI Graphics Card (DUAL-RTX2060S-O8G-EVO),€405.99 (2 Offers)
MSI Radeon RX 590 DirectX 12 RX 590 ARMOR 8G OC 8GB 256-Bit GDDR5 PCI Express x16 HDCP Ready CrossFireX Support Video Card,€ 306.16
EVGA GeForce GT 730 DirectX 12 01G-P3-2731-KR 1GB 128-Bit DDR3 PCI Express 2.0 Video Card,€75.99 (2 Offers)
ZOTAC GAMING GeForce RTX 2060 SUPER MINI 8GB GDDR6 256-bit 14 Gbps Gaming Graphics Card| IceStorm 2.0| Super Compact| ZT-T20610E-10M,€379.99 (3 Offers)
PNY GeForce GTX 1050 Ti DirectX 12 VCGGTX1050T4PB 4GB 128-Bit GDDR5 PCI Express 3.0 x16 HDCP Ready Video Card,€ 267.88
MSI Radeon RX Vega 56 DirectX 12 Vega 56 AIR BOOST 8G 8GB 2048-Bit HBM2 PCI Express x16 HDCP Ready CrossFireX Support Video Card,€ 340.99
PNY GeForce RTX 2080 Ti 11GB XLR8 Gaming Overclocked Edition Graphics Card,€1.314.99 (2 Offers)
ASUS ROG STRIX AMD Radeon RX 5700 Overclocked 8G GDDR6 HDMI DisplayPort Gaming Graphics Card (ROG-STRIX-RX5700-O8G-GAMING),€ 379.99
VisionTek Radeon 7750 2GB GDDR5 5M (4 x HDMI| miniDP) (900690),€356.16 (2 Offers)
MSI Radeon RX 5700 DirectX 12 RX 5700 MECH OC 8GB 256-Bit GDDR6 PCI Express 4.0 HDCP Ready CrossFireX Support Video Card,€355.99 (2 Offers)
ZOTAC GAMING GeForce RTX 2080 AMP Extreme 8GB GDDR6 256-bit Graphics Card (ZT-T20800B-10P),€ 856.92
ASUS Radeon RX 550 4G GDDR5 DP HDMI DVI AMD Graphics Card (RX550-4G),€ 197.67
ZOTAC GAMING GeForce RTX 2080 Ti Triple Fan 11GB GDDR6 352-bit Gaming Graphics Card| Active Fan Control| Metal Backplate| Spectra Lighting (ZT-T20810F-10P),€1.274.21
ASUS ROG Radeon RX Vega 64 STRIX-RXVEGA64-O8G-GAMING 8GB 2048-Bit HBM2 PCI Express 3.0 HDCP Ready Video Card,€ 679.10
ASUS GeForce GTX 1050 Ti GTX1050TI-O4G-LP-BRK 4GB 128-Bit GDDR5 PCI Express 3.0 HDCP Ready Low Profile Video Card,€189.99 (3 Offers)
ASUS TUF Gaming X3 AMD Radeon RX 5700 Overclocked 8G GDDR6 HDMI DisplayPort Gaming Graphics Card (TUF 3-RX5700-O8G-GAMING),€ 360.99
MSI GeForce RTX 2080 DirectX 12 RTX 2080 AERO 8G 8GB 256-Bit GDDR6 PCI Express 3.0 x16 HDCP Ready SLI Support Video Card,€ 963.53
ZOTAC GAMING GeForce RTX 2070 SUPER Twin Fan 8GB GDDR6 256-bit 14 Gbps Gaming Graphics Card| IceStorm 2.0| Spectra Lighting| ZT-T20710F-10P,€ 474.99
ZOTAC GAMING GeForce RTX 2080 Twin Fan 8GB GDDR6 256-bit Gaming Graphics Card| IceStorm 2.0 Cooling| Active Fan Control| Metal Backplate| Spectra Lighting| ZT-T20800G-10P,€ 705.48
ASUS GeForce RTX 2060 SUPER 8G EVO GDDR6 Dual-Fan Edition VR Ready HDMI DisplayPort DVI-D Graphics Card (DUAL-RTX2060S-8G-EVO),€ 398.99
MSI GeForce GT 1030 DirectX 12 GT 1030 2GD4 LP OC 2GB 64-Bit DDR4 PCI Express 3.0 x16 (Uses x4) HDCP Ready Low Profile Video Card,€80.99 (2 Offers)
ZOTAC GAMING GeForce RTX 2080 Blower 8GB GDDR6 256-bit Gaming Graphics Card| Metal Backplate (ZT-T20800A-10P),€1.019.99
Visiontek Radeon HD 5450 1GB DDR3 (DVI-I| HDMI| VGA)| 900358,€49.89 (2 Offers)
ASUS ROG STRIX GeForce RTX 2060 DirectX 12 ROG-STRIX-RTX2060-A6G-GAMING 6GB 192-Bit GDDR6 PCI Express 3.0 HDCP Ready Video Card,€ 384.99
Visiontek Radeon HD 4350 SFF 512MB DDR2 (2 x DVI-I| TV Out) w/ 2 x DVI-I to VGA Adapter| 900273,€81.07 (2 Offers)
ZOTAC GAMING GeForce GTX 1660 6GB GDDR5 192-bit Gaming Graphics Card| Super Compact| ZT-T16600F-10L,€ 307.06
ASUS Dual GeForce RTX 2060 DirectX 12 DUAL-RTX2060-A6G 6GB 192-Bit GDDR6 PCI Express 3.0 HDCP Ready Video Card,€374.99 (2 Offers)
ASRock Phantom Gaming U Radeon RX 590 DirectX 12 RX 590 8G OC 8GB 256-Bit GDDR5 PCI Express 3.0 x16 HDCP Ready CrossFireX Support Video Card,€ 213.99
ASUS GeForce GT 1030 2GB GDDR5 HDMI DVI Graphics Card (GT1030-2G-CSM),€98.99 (3 Offers)
ASUS Dual GeForce RTX 2070 DirectX 12 DUAL-RTX2070-O8G-EVO 8GB 256-Bit GDDR6 PCI Express 3.0 HDCP Ready Video Card,€474.99 (2 Offers)
ASUS ROG Strix Radeon RX 560 O4GB Gaming OC Edition GDDR5 DP HDMI DVI AMD Graphics Card (ROG-STRIX-RX560-O4G-GAMING),€ 161.99
ZOTAC GAMING GeForce GTX 1660 AMP 6GB GDDR5 192-bit Gaming Graphics Card| Super Compact| IceStorm 2.0 Cooling| Wraparound Metal Backplate - ZT-T16600D-10M,€227.99 (2 Offers)
ASUS Dual GeForce GTX 1660 Ti DUAL-GTX1660TI-6G 6GB 192-Bit GDDR6 PCI Express 3.0 HDCP Ready Video Card,€ 300.99
ZOTAC GAMING GeForce RTX 2080 Ti AMP MAXX 11GB GDDR6 352-bit Gaming Graphics Card| IceStorm 2.0| Factory Overclock| Freeze Fan Stop| Active Fan Control| PowerBoost| Spectra Lighting| ZT-T20810H-10P,€1.047.99
ZOTAC GAMING GeForce GTX 1650 OC 4GB GDDR5 128-bit Gaming Graphics Card| Super Compact| ZT-T16500F-10L,€156.99 (2 Offers)
ASUS Turbo GeForce RTX 2080 DirectX 12 TURBO-RTX2080-8G-EVO 8GB 256-Bit GDDR6 PCI Express 3.0 HDCP Ready SLI Support Video Card,€673.99 (2 Offers)
PNY GeForce GT 710 DirectX 12 VCGGT7102XPB 2GB 64-Bit DDR3 PCI Express 2.0 x8 Low Profile Video Card,€ 59.35
ASUS ROG Strix GeForce GTX 1660 Ti ROG-STRIX-GTX1660TI-O6G-GAMING 6GB 192-Bit GDDR6 PCI Express 3.0 HDCP Ready Video Card,€ 312.99
ZOTAC GAMING GeForce RTX 2070 AMP 8GB GDDR6 256-bit Graphics Card| IceStorm 2.0| Active Fan Control| Metal Backplate| Spectra RGB LED Lighting (ZT-T20700D-10P),€ 564.02
Visiontek Radeon HD 4350 SFF DMS59 512MB DDR2 PCIe x1| 900308,€ 70.18
VisionTek Radeon 5450 512MB DDR3 3M (2 x DVI-I| miniDP) (900529),€ 96.99
ASUS GeForce GTX 1050 CERBERUS-GTX1050-O2G 2GB 128-Bit GDDR5 PCI Express 3.0 HDCP Ready Video Card,€149.99 (2 Offers)
VisionTek Radeon 7750 SFF 1GB GDDR5 (DVI-I| HDMI) (900549),€146.19 (2 Offers)
MSI GeForce RTX 2060 SUPER DirectX 12 RTX 2060 SUPER ARMOR OC 8GB 256-Bit GDDR6 PCI Express 3.0 x16 HDCP Ready Video Card,€398.99 (2 Offers)
Sapphire 11266-04-20G Radeon PULSE RX 570 4GB GDDR5 DUAL HDMI / DVI-D / DUAL DP OC with backplate (UEFI) PCI-E Graphics Card,€ 157.99
ZOTAC GAMING GeForce RTX 2080 Ti Blower Graphic Card| ZT-T20810A-10P| 11GB GDDR6,€1.069.79
MSI GeForce RTX 2080 DirectX 12 RTX 2080 VENTUS GP 8G 8GB 256-Bit GDDR6 PCI Express 3.0 x16 HDCP Ready SLI Support Video Card,€ 635.99
ASUS AMD Radeon RX 5700 Overclocked 8G GDDR6 Dual Fan EVO Edition HDMI DisplayPort Gaming Graphics Card (DUAL-RX5700-O8G-EVO),€350.99 (2 Offers)
ASUS GeForce GT 1030 2GB Phoenix Fan OC Edition HDMI DVI Graphics Card (PH-GT1030-O2G),€113.45 (2 Offers)
DIAMOND Radeon HD 6450 DirectX 11 6450PE31G 1GB 64-Bit GDDR3 PCI Express 2.1 x16 HDCP Ready CrossFireX Support Video Card,€48.59 (2 Offers)
Sapphire 11256-57-21G Radeon RX 470 8GB GDDR5 Video Card Brown Box,€ 331.99
ASUS ROG STRIX GeForce RTX 2060 SUPER ROG-STRIX-RTX2060S-O8G-GAMING 8GB 256-Bit GDDR6 PCI Express 3.0 HDCP Ready Video Card,€ 445.99
Visiontek Radeon HD 5450 2GB DDR3 (DVI-I| HDMI| VGA)| 900356,€ 74.73
PNY GeForce RTX 2080 8GB Blower Graphics Card,€ 905.00
PNY GeForce RTX 2070 8GB XLR8 Gaming Overclocked Edition Graphics Card| VCG20708DFPPB-O,€658.96 (2 Offers)
ASUS GeForce GT 710 1GB GDDR5 HDMI VGA DVI Graphics Card (GT710-SL-1GD5-BRK),€63.02 (2 Offers)
MSI GeForce RTX 2060 SUPER DirectX 12 RTX 2060 SUPER GAMING 8GB 256-Bit GDDR6 PCI Express 3.0 x16 HDCP Ready Video Card,€ 398.99
XFX Radeon RX 5700 DirectX 12 RX-57XL8LBD6 8GB 256-Bit GDDR6 PCI Express 4.0 Video Card,€ 350.99
ZOTAC GAMING GeForce RTX 2060 6GB GDDR6 192-bit Gaming Graphics Card| Super Compact| ZT-T20600H-10M,€329.99 (2 Offers)
ASUS Turbo GeForce RTX 2060 SUPER TURBO-RTX2060S-8G-EVO 8GB 256-Bit GDDR6 PCI Express 3.0 HDCP Ready Video Card,€ 407.99
ZOTAC GeForce GT 710 DirectX 12 ZT-71301-20L 1GB 64-Bit DDR3 PCI Express 2.0 x8 Video Card,€ 77.06
ASUS GeForce GT 710 DirectX 12 710-1-SL-BRK 1GB 64-Bit DDR3 PCI Express 2.0 x8 HDCP Ready Video Card,€ 78.99
ASUS Radeon R5 230 DirectX 11 R5230-SL-1GD3-L 1GB 64-Bit DDR3 PCI Express 2.1 HDCP Ready CrossFireX Support Low Profile Video Card,€57.25 (2 Offers)
GIGABYTE AORUS GeForce RTX 2060 XTREME 6G Graphics Card| 3x Stacked WINDFORCE Fans| 6GB 192-Bit GDDR6| GV-N2060AORUS X-6GC Video Card,€ 359.99
OCPC Radeon RX 560 4GB GDDR5 Video Card| 901210,€108.45 (2 Offers)
MSI Radeon RX 5700 DirectX 12 RX 5700 EVOKE OC 8GB 256-Bit GDDR6 PCI Express 4.0 HDCP Ready CrossFireX Support Video Card,€362.99 (2 Offers)
EVGA GeForce RTX 2080 XC BLACK EDITION GAMING Video Card| 08G-P4-2082-KR| 8GB GDDR6| Dual HDB Fans| RGB LED| Metal Backplate,€693.77 (2 Offers)
Visiontek Radeon 3450 SFF 512MB DDR2 PCI| 900321,€ 92.30
ASUS Turbo GeForce RTX 2070 SUPER TURBO-RTX2070S-8G-EVO 8GB 256-Bit GDDR6 PCI Express 3.0 HDCP Ready SLI Support Video Card,€ 502.99
ASUS ROG STRIX GeForce RTX 2060 SUPER DirectX 12 ROG-STRIX-RTX2060S-A8G-GAMING 8GB 256-Bit GDDR6 PCI Express 3.0 HDCP Ready Video Card,€ 438.99
MSI NVIDIA GeForce GTX 1660 Ti VENTUS XS 6GB GDDR6 HDMI/3DisplayPort PCI-Express Video Card,€268.15 (2 Offers)
ASUS ROG STRIX GeForce RTX 2060 DirectX 12 ROG-STRIX-RTX2060-6G-GAMING 6GB 192-Bit GDDR6 PCI Express 3.0 HDCP Ready Video Card,€ 389.99
Visiontek Radeon HD 3450 SFF 512MB DDR2 PCI DMS59 (2 x DVI-I)| 900292,€ 72.93
SAPPHIRE PULSE Radeon RX 570 DirectX 12 100412P4GITXL 4GB 256-Bit GDDR5 CrossFireX Support ATX Video Card,€ 122.99
ZOTAC GAMING GeForce RTX 2060 SUPER AMP Extreme 8GB GDDR6 256-bit 14 Gbps Gaming Graphics Card| IceStorm 2.0| Extreme Overclock| Spectra Lighting| ZT-T20610B-10P,€417.94 (3 Offers)
MSI GeForce RTX 2080 DirectX 12 RTX 2080 SEA HAWK 8GB 256-Bit GDDR6 PCI Express 3.0 x16 HDCP Ready SLI Support Video Card,€ 663.99
VisionTek Radeon 5450 DirectX 11 900861 2GB DDR3 PCI Express 2.1 x16 ATX Video Card,€ 53.49
ZOTAC GAMING GeForce RTX 2080 SUPER AMP 8GB GDDR6 256-bit 15.5 Gbps Gaming Graphics Card| IceStorm 2.0| Strong Overclock| Freeze Fan Stop| PowerBoost| Spectra Lighting| 16+4 Power Phase ZT-T20820D-10P,€701.99 (3 Offers)
ASUS AREZ RX 560 O2G OC Edition GDDR5 DP HDMI DVI AMD Graphics Card (AREZ-RX560-O2G-EVO),€153.27 (2 Offers)
ASUS AREZ RX 560 O2G OC Edition GDDR5 DP HDMI DVI AMD Graphics Card (AREZ-RX560-O2G-EVO),€132.99 (2 Offers)
ASUS GeForce GT 710 DirectX 12 710-2-SL-CSM 2GB 64-Bit DDR3 PCI Express 2.0 x8 HDCP Ready Video Card,€ 87.99
ASUS GeForce GTX 1650 4GB Phoenix Fan Overclocked Edition HDMI DP DVI Graphics Card (PH-GTX1650-O4G),€145.99 (2 Offers)
ZOTAC GAMING GeForce RTX 2080 Ti Twin Fan 11GB GDDR6 352-bit Gaming Graphics Card| Active Fan Control| Metal Backplate| Spectra Lighting - ZT-T20810G-10P,€1.056.99 (2 Offers)
MSI GeForce RTX 2080 Ti RTX 2080 TI SEA HAWK X 11GB 352-Bit GDDR6 PCI Express 3.0 Video Card,€1.170.99 (3 Offers)
VisionTek Radeon R7 240 SFF 2GB DDR3 (DIV-D| HDMI| VGA) (900701),€ 117.95
VisionTek Radeon 4350 512MB DDR2 (DVI-I| HDMI| VGA) Graphics Card - 900270,€ 45.01
SAPPHIRE Radeon RX 570 11266-70-21G 16GB 256-Bit GDDR5 PCI Express 3.0 x16 HDCP Ready Video Card| Grin Coin Edition,€ 311.99
MSI Radeon R5 230 DirectX 11 R5 230 2GD5H LP 2GB 64-Bit GDDR5 PCI Express 2.0 HDCP Ready Low Profile Video Card,€ 70.99
PNY GeForce GTX 1650 4GB XLR8 Gaming Overclocked Edition Graphics Card,€179.99 (3 Offers)
PNY GeForce RTX 2080 Ti 11GB Blower Graphics Card,€1.124.19 (2 Offers)
Sapphire 11265-09-20G Radeon PULSE RX 580 4GB GDDR5 DUAL HDMI / DVI-D / DUAL DP OC with backplate (UEFI) PCI-E Graphics Card,€ 281.85
Visiontek Radeon R7 250 1GB GDDR5 (DVI-D| HDMI| VGA)| 900685,€ 112.55
VisionTek Radeon 7750 SFF 2GB GDDR5 4M (4 x miniDP) (900798),€196.99 (2 Offers)
Visiontek Radeon HD 3450 512MB DDR2 PCI (DVI-I| VGA| TV Out)| 900302,€ 105.18
Visiontek Radeon HD 7750 SFF 2GB DDR3 3M (2 x HDMI| Mini DP)| 900686,€248.99 (2 Offers)
ZOTAC GAMING GeForce RTX 2060 SUPER AMP 8GB GDDR6 256-bit 14 Gbps Gaming Graphics Card| IceStorm 2.0| Strong Overclock| Spectra Lighting| ZT-T20610D-10P,€407.99 (2 Offers)
PNY GeForce RTX 2080 XLR8 Gaming Overclocked Edition Graphics Card| VCG20808DFPPB-O,€ 964.83
ZOTAC GeForce GT 710 DirectX 12 ZT-71302-20L 2GB 64-Bit DDR3 PCI Express 2.0 x8 Video Card,€53.57 (2 Offers)
ZOTAC GAMING GeForce RTX 2080 SUPER Twin Fan 8GB GDDR6 256-bit 15.5 Gbps Gaming Graphics Card| IceStorm 2.0| Spectra Lighting| ZT-T20820F-10P,€689.99 (2 Offers)
EVGA GeForce RTX 2080 FTW3 Video Card| 2.75 Slot Extreme Cool Triple + iCX2| RGB| Metal Backplate| 08G-P4-2283-KR| 8GB GDDR6,€ 678.99
Visiontek Radeon HD 4650 SFF 1GB DDR2 DMS59 (2 x DVI-I| TV Out) w/ 2 x DVI-I to VGA Adapter| 900275,€ 90.94
MSI GeForce RTX 2070 SUPER DirectX 12 RTX 2070 Super GAMING X 8GB 256-Bit GDDR6 PCI Express 3.0 x16 HDCP Ready SLI Support Video Card,€520.99 (2 Offers)
PNY GeForce RTX 2060 6GB XLR8 Gaming Overclocked Edition Graphics Card| VCG20606DFPPB-O,€ 412.40
XFX Radeon RX 5700 XT 8GB GDDR6 Video Graphics Card RX57XT8OFF6,€ 410.60
ZOTAC GAMING GeForce RTX 2070 SUPER MINI 8GB GDDR6 256-bit 14 Gbps Gaming Graphics Card| IceStorm 2.0| Super Compact| ZT-T20710E-10M,€480.99 (2 Offers)
Visiontek Radeon HD 7750 SFF 1GB DDR3 5M VHDCI (4 x DVI-D| Mini DP)| 900669,€ 258.83
VisionTek Radeon 5450 DirectX 11 900860 1GB DDR3 PCI Express 2.1 x16 ATX Video Card,€43.99 (3 Offers)
Visiontek Radeon 6350 1GB DDR3 (DVI-I| HDMI| VGA),€ 56.47
Sapphire Radeon Nitro+ RX 570 4GB GDDR5 2xHDMI(VR Friendly)|1xDVI-D|2xDP with Backplate PCI-E Graphics Card,€ 175.82
EVGA GeForce RTX 2080 Ti GAMING 11GB GDDR6 HDMI/3 x DisplayPort/USB Type-C PCI-Express Video Card,€1.108.44
JATON GeForce 6200 DirectX 9 VIDEO-348PCI-LP 512MB 64-Bit DDR2 PCI Low Profile Ready Video Card,€ 82.99
Sapphire Radeon Nitro+ RX 570 8GB GDDR5 2xHDMI(VR Friendly)|1xDVI-D|2xDP with Backplate PCI-E Graphics Card,€ 199.58
Visiontek Radeon R7 250 SFF 1GB GDDR5 (DVI-D| HDMI| VGA*)| 900702,€ 111.52
Visiontek Radeon 6350 SFF 1GB DDR3 3M DMS59 (2 x DVI-I| miniDP) w/ 2 x DVI-I to VGA Adapter| 900456,€74.35 (2 Offers)
MSI VENTUS GeForce RTX 2070 SUPER VENTUS OC GeForce RTX 2070 SUPER Graphic Card - 8 GB GDDR6,€ 554.05
PNY GeForce GTX 1660 Ti Graphic Card - 1.50 GHz Core - 1.77 GHz Boost Clock - 6 GB GDDR6 - Dual Slot Space Required,€300.20 (2 Offers)
NVIDIA GeForce RTX 2080 Ti Founders Edition 11GB GDDR6 PCI Express 3.0 Graphics Card with PCIe Riser,€1.377.17
NVIDIA GeForce RTX 2080 Ti Founders Edition 11GB GDDR6 PCI Express 3.0 Graphics Card with Free Battlefield V Combo,€1.425.63
NVIDIA GeForce RTX 2080 Ti Founders Edition 11GB GDDR6 PCI Express 3.0 Graphics Card with Free Forza Horizon 4 Combo,€1.425.63
6 Packs of Sapphire Radeon NITRO+ RX 570 8GB GDDR5 PCI-E Dual HDMI / DVI-D / Dual DP w/ Backplate (UEFI),€1.140.51
Sapphire VCX 21294-01-20G Radeon RX 5700 8GB DDR6 256bit PCIE HDMI 3xDP ,€333.62 (2 Offers)
NVIDIA GeForce RTX 2060 SUPER Founders Edition - 8GB GDDR6 1650 MHz - 2176 Cores - Ray Tracing - DirectX 12 - DP/HDMI/DVI-DL - VR Ready,€ 455.63
EVGA GeForce GTX 1650 XC Ultra Black Gaming Graphic Card 4GB GDDR5 04GP41155KR,€ 175.85
MSI R7 240 2GD3 LP Radeon R7 240 Graphic Card - 730 MHz Core - 780 MHz Boost Clock - 2 GB DDR3 SDRAM - Low-profile,€ 66.99
VisionTek VTKRAD7K64P Radeon 7000 64MB DDR PCI Video Card,€45.99 (2 Offers)
Visiontek Radeon 6350 SFF 1GB DDR3 (DVI-I| HDMI| VGA)| 900484,€65.99 (2 Offers)
PNY GeForce RTX 2080 SUPER Graphic Card - 8 GB GDDR6,€764.25 (2 Offers)
GIGABYTE Radeon RX 470 DirectX 12 GV-RX470WF2-4GD-MI Video Card,€ 142.55
MSI GTX 1080 TI AERO 11G GeForce GTX 1080 Graphic Card - 1.48 GHz Core - 1.58 GHz Boost Clock - 11 GB GDDR5X - PCI Express 3.0 x16,€1.049.17
PNY GeForce RTX 2070 SUPER Graphic Card - 8 GB GDDR6,€553.13 (3 Offers)
AMD Radeon RX 570 4GB GDDR5 PCI Express 3.0 Gaming Graphics Card - OEM,€ 540.99
EVGA - NVIDIA GeForce GTX 1060 6144MB GDDR5 PCI Express 3.0 Graphics Card - Black (06G-P4-6264-KB),€ 304.89
AMD RADEON RX 580 GRAPHICS CARD WITH 4GB GDDR5 DEDICATED MEMORY - OEM,€ 210.04
Sapphire VCX 21293-01-40G Radeon RX 5700 XT 8GB GDDR6 PCIE HDMI TRIPLE DP RTL,€418.98 (2 Offers)
PNY GeForce GTX 1660 Ti Graphic Card - 6 GB,€ 357.27
NVIDIA GeForce RTX 2060 Super Founders Edition - 8GB GDDR6 - 2176 Cores - Ray Tracing - DP/HDMI/DVI-DL - VR Ready with Free Battlefield V Code,€ 475.20
MSI G2080GXT NVIDIA GeForce RTX 2080 Gaming X TRIO 8GB GDDR6 HDMI 3 Display Port USB Type-C PCI-Express Video Card,€ 867.99
PNY GeForce RTX 2060 Super Graphic Card - 8 GB GDDR6,€ 456.99
NVIDIA GeForce GTX Titan Xp Graphic Card - 1.42 GHz Core - 1.58 GHz Boost Clock - 12 GB GDDR5X - Dual Slot Space Required,€1.719.80 (2 Offers)
NVIDIA Tesla T4 Graphic Card - 16 GB GDDR6 - Full-height,€2.088.14
QUADRO RTX 5000 GCARD RET SCB SB,€2.172.92
Sapphire 11265-05-20G Radeon PULSE RX 580 8GB GDDR5 DUAL HDMI / DVI-D / DUAL DP OC with Backplate (UEFI) PCI-E Graphics Card Graphic Cards,€ 738.49
AMD Radeon RX 580 8GB GDDR5 PCI Express 3.0 Gaming Graphics Card - OEM,€ 361.99
Sapphire 11265-05-20G Radeon PULSE RX 580 8GB GDDR5 DUAL HDMI / DVI-D / DUAL DP OC with Backplate (UEFI) PCI-E Graphics Card Graphic Cards,€ 738.41
ASUS Video Card TURBO-GTX1070TI-8G TURBO GTX 1070 TI 8GB GDDR5 256-bit PCIE DVI/HDMI/Display Port ,€ 611.18
MSI Gaming GeForce RTX 2060 Super 8GB GDRR6 256-bit HDMI/DP G-SYNC Turing Architecture Overclocked Graphics Card (RTX 2060 Super Ventus OC),€ 510.52
Lenovo 4X60N04886 Nvidia Quadro P5000 - Graphics Card - Quadro P5000 - 16 Gb Gddr5X - Pcie 3.0 X16 - Dvi| 4 X Displayport - For Thinkstation P520,€2.083.50 (2 Offers)
EVGA GeForce RTX 2080 Graphic Card - 1.71 GHz Boost Clock - 8 GB GDDR6 - Dual Slot Space Required - 256 bit Bus Width - Fan Cooler - OpenGL 4.5| DirectX 12| Vulkan - 3 x DisplayPort - 1 x HDMI - PC -,€727.07 (2 Offers)
Lenovo Quadro P4000 Graphic Card - 8 GB GDDR5 - Full-height (4x60n86664),€897.49 (2 Offers)
Lenovo 4X60N86660 Nvidia Quadro P1000 - Graphics Card - Quadro P1000 - 4 Gb Gddr5 Low Profile - 4 X Mini Displayport - For Thinkstation P320 (Sff),€371.39 (2 Offers)
Sapphire NITRO+ Radeon RX 590 Graphic Card - 1.56 GHz Boost Clock - 8 GB GDDR5 - Dual Slot Space Required - 256 bit Bus Width - Fan Cooler - OpenGL 4.5| OpenCL 2.0| DirectX 12 - 2 x DisplayPort - 2 x,€ 256.61
PNY NVIDIA Quadro RTX 4000 8GB GDDR6 Workstation Graphics Card VCQRTX4000-PB,€887.99 (2 Offers)
PNY GeForce GTX 1660 Graphic Card 1.53 GHz 6 GB GDDR5 VCG16606BLMPB,€245.83 (3 Offers)
VISIONTEK 900942 Radeon 7750 2GB DDR3 2x DP,€124.62 (2 Offers)
VisionTek FirePro 7800M Graphic Card - 800 MHz Core - 2 GB DDR5 SDRAM - 128 bit Bus Width - Fan Cooler - DirectX 11.0 - 6 x Mini DisplayPort - PC - 6 x Monitors Supported,€ 265.64
Lenovo NVIDIA Quadro P620 Graphic Card 2GB For Select ThinkStation Models,€225.33 (2 Offers)
GIGABYTE GeForce RTX 2060 OC GG Graphics Card| 2X Windforce Fans| 6GB 192-bit GDDR6| Gv-N2060OC-6GD REV2.0 Video Card,€358.33 (2 Offers)
HP INC. - SB WORKSTATION OPTIONS 1ME41AT SMART BUY NVIDIA QUADRO P2000,€ 460.15
HP INC. 2TF08AT SBUY RADEON PRO WX 3100 4GB GRAPHICS,€ 188.23
HP INC. 3ME25AT SBUYNVIDIA QUADRO P620 2GB KIT 2ADPTRS,€ 189.09
LENOVO - DESKTOP OPTIONS 4X60N86661 THINKSTATOIN NVIDIA P1000 HP,€371.76 (2 Offers)
VisionTek Radeon RX 560 4GB GDDR5 4M 4x mDP 901278,€183.27 (2 Offers)
Lenovo GeForce GT 730 Graphic Card - 2 GB GDDR5 - Low-profile,€ 112.43
NVIDIA Titan XP 12GB Star Wars Collector Edition JEDI Order Video Card 900-1G611-2531-000-RET,€1.488.99
Lenovo 4X60M97031 Nvidia Geforce Gt730 - Graphics Card - Gf Gt 730 - 2 Gb Gddr5 - Pcie 2.0 X8 Low Profile - Displayport - For Thinkcentre M710S (Sff| Tower) | M710T (Sff| Tower) | M910S (Sff| Tower),€ 95.83
VisionTek Radeon HD 6570 Graphic Card - 650 MHz Core - 2 GB DDR3 SDRAM - Full-height - 128 bit Bus Width - Fan Cooler - DirectX 11.0 - 1 x HDMI - 1 x VGA - 1 x Total Number of DVI (1 x DVI-D) - Dual L,€65.75 (2 Offers)
HP Radeon RX 550 Graphic Card - 4 GB GDDR5 - Low-profile,€ 314.65
Lenovo Quadro P620 2GB Graphic Card 4X60R60468,€ 297.15
VisionTek Radeon HD 6570 Graphic Card - 650 MHz Core - 2 GB DDR3 SDRAM - 128 bit Bus Width - Fan Cooler - DirectX 11.0 - 1 x HDMI - 1 x Total Number of DVI (1 x DVI-D) - Dual Link DVI Supported - PC -,€68.87 (2 Offers)
Lenovo Quadro P400 Graphic Card - 2 GB GDDR5 - 3 x Mini DisplayPort - PC,€116.92 (2 Offers)
Asus ROGSTRIXGTX1650O4GGA 4GB GDDR5 PCIe 3.0 Overclocked Graphics Card,€ 179.15
XFX RX 5700 Xt Thicc II 8GB GDDR6 1905MHz 3xDP HDMI PCI Express 4.0 Graphics Card Rx-57XT8DFD6,€420.99 (3 Offers)
PNY Video Card VCGGTX10603PB-CG GeForce GTX1060 3GB GDDR5 PCI Express DVID/HDMI/3xDisplayPort ,€ 207.99
Vision Systems Geovision 55-G8BEX-160 Gv800 16 Channel Dvi Type Pci Ctlr Express B Card,€ 612.41
Aorus GV-N2070IXEB-8GC GeForce RTX 2070 Graphic Card - 8 GB GDDR6,€ 656.28
Raritan - VGA cable - HD-15 (M) to HD-15| USB - active| thumbscrews,€ 42.98
EVGA GeForce RTX 2070 SUPER FTW3 ULTRA+ Video Card| OVERCLOCKED| 2.75 Slot Extreme Cool Triple + iCX2| 65C Gaming| RGB| Metal Backplate| 08G-P4-3377-KR| 8GB 15.5 GHz GDDR6,€ 603.99
EVGA GeForce RTX 2070 SUPER XC ULTRA+ Video Card| OVERCLOCKED| 2.75-Slot Extreme Cool Dual| 70C Gaming| RGB| Metal Backplate| 08G-P4-3175-KR| 8GB 15.5 GHz GDDR6,€ 570.99
Asus GeForce 2GB 128-Bit GDDR5 Graphics Cards (STRIX-GTX950-DC2OC-2GD5-GAMING),€2.273.12
XSPC Razor R9 Fury X,€ 173.07
Gigabyte GeForce GTX 1060 WINDFORCE OC 6G (GV-N1060WF2OC-6GD),€1.066.82
ASUS GeForce RTX 2060 Overclocked 6G GDDR6 Dual-Fan EVO Edition VR Ready HDMI DisplayPort DVI Graphics Card (DUAL-RTX2060-O6G-EVO),€ 345.99
EKWB EK-FC GeForce GTX FE GPU Waterblock| Nickel,€ 398.81
EKWB EK-FC1080 GTX Ti Strix RGB Upgrade Kit,€ 210.85
Dell Tesla Tesla M10 Graphic Card 32 GB 490BDIG,€2.542.00
EKWB EK-FC1080 GTX Ti Strix RGB Upgrade Kit,€ 209.98
SAPPHIRE PULSE Radeon RX 5700 DirectX 12 100417P8GL 8GB 256-Bit GDDR6 PCI Express 4.0 x16 ATX Video Card,€ 338.99
ASUS 2GB Graphics Cards R7240-2GD3-L,€ 200.32
SAPPHIRE PULSE Radeon RX 5700 DirectX 12 100417P8GL 8GB 256-Bit GDDR6 PCI Express 4.0 x16 ATX Video Card,€ 338.99
XSPC Razor GTX Titan (GK110) / 780 / 780Ti V2 Waterblock,€ 173.79
EVGA GeForce GTX 1070 SC GAMING ACX 3.0 Black Edition| 8GB GDDR5| LED| DX12 OSD Support (PXOC) 08G-P4-5173-KR,€1.575.11
GIGABYTE Radeon RX 590 DirectX 12 GV-RX590GAMING-8GD Rev. 2.0 8GB 256-Bit GDDR5 PCI Express 3.0 x16 CrossFireX Support ATX Video Card,€ 187.99
Asus GeForce 2GB 128-Bit GDDR5 Graphics Cards (STRIX-GTX950-DC2OC-2GD5-GAMING),€2.273.12
EKWB EK-FC GeForce GTX FE RGB Upgrade Kit,€ 205.59
EVGA GeForce RTX 2080 XC GAMING| 8GB GDDR6| Dual HDB Fans & RGB LED Graphics Card 08G-P4-2182-KR,€2.086.04
EKWB EK-FC GeForce GTX FE GPU Waterblock| Nickel,€ 398.81
Gigabyte GeForce GTX 1060 WINDFORCE OC 6G (GV-N1060WF2OC-6GD),€1.062.43
Bitspower GPU Waterblock for ASUS ROG Strix GeForce RTX 2080Ti / 2080 Graphics Cards,€ 455.29
EKWB EK-FC1080 GTX Ti Strix RGB Upgrade Kit,€ 209.98
EVGA GeForce RTX 2070 XC Ultra Gaming| 8GB GDDR6| Dual HDB Fans & RGB LED Graphics Card 08G-P4-2173-KR,€1.604.23
XSPC Razor R9 Fury X,€ 173.79
EKWB EK-FC1080 GTX Ti Strix RGB Upgrade Kit,€ 210.85
Dell Tesla Tesla M10 Graphic Card 32 GB 490BDIG,€2.542.00
EKWB EK-FC GeForce GTX FE RGB Upgrade Kit,€ 206.44
ASUS 2GB Graphics Cards R7240-2GD3-L,€ 201.15
Refurbished: GIGABYTE GeForce GTX 1060 DirectX 12 GV-N1060WF2OC-3GD 3GB 192-Bit GDDR5 PCI Express 3.0 x16 ATX Video Cards,€ 109.99
Refurbished: GIGABYTE GeForce RTX 2080 DirectX 12 GV-N2080WF3-8GC 8GB 256-Bit GDDR6 PCI Express 3.0 x16 SLI Support ATX Video Card,€ 506.99
Refurbished: GIGABYTE GeForce RTX 2070 DirectX 12 GV-N2070GAMING OC-8GC 8GB 256-Bit GDDR6 PCI Express 3.0 x16 ATX Video Card,€ 367.99
Refurbished: GIGABYTE GeForce RTX 2080 Ti DirectX 12 GV-N208TGAMING OC-11GC 11GB 352-Bit GDDR6 PCI Express 3.0 x16 SLI Support ATX Video Card,€ 870.99
Refurbished: GIGABYTE GeForce GTX 1060 DirectX 12 GV-N1060IXOC-3GD 3GB 192-Bit GDDR5 PCI Express 3.0 x16 ATX Video Card,€ 114.99
Refurbished: GIGABYTE AORUS GeForce RTX 2080 DirectX 12 GV-N2080AORUS-8GC 8GB 256-Bit GDDR6 PCI Express 3.0 x16 SLI Support ATX Video Card,€ 571.99
Refurbished: GIGABYTE GeForce GTX 1070 DirectX 12 GV-N1070IXOC-8GD 8GB 256-Bit GDDR5 PCI Express 3.0 x16 SLI Support ATX Video Card,€ 539.54
Refurbished: EVGA GeForce GTX 1080 SC GAMING ACX 3.0| 8GB GDDR5X| LED| DX12 OSD Support (PXOC) Graphics Card 08G-P4-6183-RX,€ 497.99
Refurbished: GIGABYTE GeForce RTX 2080 DirectX 12 GV-N2080GAMING OC-8GC 8GB 256-Bit GDDR6 PCI Express 3.0 x16 SLI Support ATX Video Card,€ 524.99
Refurbished: ASUS GeForce GTX 780 DirectX 11.1 GTX780-DC2OC-3GD5 3GB 384-Bit GDDR5 PCI Express 3.0 HDCP Ready SLI Support Video Card,€ 170.99
Refurbished: GIGABYTE GeForce RTX 2080 DirectX 12 GV-N2080WF3OC-8GC 8GB 256-Bit GDDR6 PCI Express 3.0 x16 SLI Support ATX Video Card,€ 604.99
Refurbished: GIGABYTE GeForce GTX 1660 Ti DirectX 12 GV-N166TOC-6GD 6GB 192-Bit GDDR6 PCI Express 3.0 x16 ATX Video Card,€ 246.99
Refurbished: Gigabyte GeForce RTX 2070 8GB Windforce OC Triple Fan GDDR6 Video Card GPU,€ 343.99
Refurbished: MSI GeForce GTX 1080 Ti DirectX 12 GeForce GTX 1080 TI ARMOR 11G OC 11GB 352-Bit GDDR5X PCI Express 3.0 x16 HDCP Ready SLI Support Video Card,€ 628.99
Refurbished: PNY GeForce GTX 1070 8GB XLR8 OC Dual Fan VCGGTX10708XGPB-OC-BB Video Card GPU,€ 278.99
Refurbished: PNY GeForce GTX 1070 RGMX1070N3H8GS-KTN 8GB GDDR5 Video Card,€ 289.99
Refurbished: Zotac Geforce GTX 650 1GB Synergy Edition GDDR5 ZT-61009-10M Video Card GPU,€ 49.99
Refurbished: ASUS GeForce GTX 1080 Ti TURBO-GTX1080TI-11G 11GB 352-Bit GDDR5X PCI Express 3.0 HDCP Ready SLI Support DirectX 12 Video Graphics Gaming Card OEM BULK PACK => NO ACCESSORIES!,€ 710.99
EVGA GeForce GTX 1080 Ti SC2 GAMING| 11G-P4-6593-KR| 11GB GDDR5X| iCX Technology - 9 Thermal Sensors & RGB LED G/P/M,€1.012.16
GIGABYTE GeForce RTX 2060 Super WINDFORCE OC 8G Graphics Card| 2 x WINDFORCE Fans| 8GB 256-Bit GDDR6| GV-N206SWF2OC-8GD Video Card,€ 374.99
MSI GeForce GT 1030 DirectX 12 GT 1030 2G LP OC 2GB 64-Bit GDDR5 PCI Express 3.0 x16 (uses x4) HDCP Ready Low Profile Video Card,€ 105.20
NVIDIA Official GeForce RTX 2080 Founders Edition 8GB GDDR6 PCI Express 3.0 Graphics Card,€ 800.31
MSI GeForce RTX 2080 Ti DirectX 12 RTX 2080 Ti GAMING TRIO 11GB 352-Bit GDDR6 PCI Express 3.0 x16 HDCP Ready SLI Support Video Card,€1.114.99
Crossfire Ready Bundle GIGABYTE Radeon RX Vega 56 VR Friendly Gaming Graphic Card and Crossfire Ready Rosewill Quark-1000 W 80Plus Platinum Certified Power Supply,€ 952.77
NVIDIA GeForce RTX 2080 Founders Edition 8GB GDDR6 PCI Express 3.0 Graphics Card with PCIe Riser,€ 819.37
NVIDIA GeForce RTX 2080 Founders Edition 8GB GDDR6 PCI Express 3.0 Graphics Card with Free Battlefield V Combo,€ 822.11
NVIDIA GeForce RTX 2080 Founders Edition 8GB GDDR6 PCI Express 3.0 Graphics Card with Free Forza Horizon 4 Combo,€ 822.11
Visiontek Radeon 7350 SFF 1GB DDR3 3M DMS59 (2 x DVI-I| DP) w/ 2 x DVI-I to VGA Adapter,€ 113.45
Refurbished: NVIDIA GeForce RTX 2080 Ti Graphic Card - 1.35 GHz Core - 1.64 GHz Boost Clock - 11 GB GDDR6 - Dual Slot Space Required,€1.197.53
